date,spread_A_mv,reits_close,bond_idx_close,csi300_close,csi500_close,csi1000_close,yield_10y
2022-12-09,0.6904301480169974,1132.9,218.7117,3998.244,6192.301,6680.375,2.8903
2022-12-12,0.7122160805130031,1128.3,218.6847,3953.443,6154.809,6655.674,2.8902
2022-12-13,0.7149327875758651,1124.91,218.4533,3945.681,6121.662,6593.668,2.8952
2022-12-14,0.7745222958963282,1117.69,218.6098,3954.886,6096.386,6570.018,2.8655
2022-12-15,0.788843623093682,1116.25,218.6218,3951.989,6101.879,6597.551,2.8829
2022-12-16,0.80355794892375,1114.86,218.5978,3954.227,6072.863,6519.436,2.8856
2022-12-19,0.8709144527326433,1112.34,218.8008,3893.221,5936.475,6390.77,2.8632
2022-12-20,0.8775351402077143,1104.16,218.8244,3829.017,5878.031,6341.583,2.8732
2022-12-21,0.879038290680473,1101.38,218.8152,3830.538,5845.835,6289.136,2.8606
2022-12-22,0.8990444338153503,1102.31,218.9335,3836.028,5779.056,6186.928,2.8503
2022-12-23,0.851984341090909,1108.63,219.1035,3828.219,5763.346,6160.745,2.8251
2022-12-26,0.8513579489237499,1109.62,219.1539,3843.489,5843.256,6275.524,2.8378
2022-12-27,0.8725557996303137,1106.41,219.1038,3887.854,5885.662,6325.628,2.8657
2022-12-28,0.9858084742033381,1097.27,219.1185,3871.264,5862.097,6268.466,2.8503
2022-12-29,1.081772844186046,1098.78,219.3003,3856.701,5857.402,6261.829,2.8376
2022-12-30,1.0871134747866558,1114.47,219.4014,3871.634,5864.467,6281.621,2.8353
2023-01-03,1.1179567957911145,1107.5,219.6157,3887.899,5955.897,6423.701,2.8228
2023-01-04,1.1212637395023322,1102.5,219.8178,3892.948,5952.454,6421.277,2.8103
2023-01-05,1.104223322178988,1096.68,219.9235,3968.578,6010.464,6485.469,2.8304
2023-01-06,1.0744573176197831,1102.31,219.8761,3980.889,6012.815,6500.32,2.8328
2023-01-09,1.0720207270615556,1102.24,219.9175,4013.12,6040.019,6535.749,2.8428
2023-01-10,1.041027599537037,1106.26,219.7606,4017.474,6048.297,6540.201,2.8602
2023-01-11,1.028923822307692,1105.96,219.7199,4010.031,6014.157,6486.905,2.8603
2023-01-12,1.0204197139552806,1104.06,219.7787,4017.869,6015.287,6489.57,2.8778
2023-01-13,1.0244588268633534,1101.5,219.7126,4074.377,6057.69,6517.513,2.901
2023-01-16,1.0348365134818285,1098.42,219.5821,4137.964,6126.177,6591.806,2.9167
2023-01-17,1.043669464689816,1095.5,219.5754,4137.242,6132.639,6597.495,2.9017
2023-01-18,1.021630709048361,1095.96,219.5139,4130.314,6151.456,6613.005,2.9222
2023-01-19,1.030869464689816,1096.5,219.5414,4156.008,6204.326,6676.08,2.9145
2023-01-20,0.9771791716937354,1098.25,219.4994,4181.527,6251.434,6736.852,2.9331
2023-01-30,0.9834175098265888,1105.86,219.7403,4201.345,6283.327,6786.453,2.9133
2023-01-31,0.9500861255707758,1118.72,219.81,4156.858,6289.15,6805.276,2.8977
2023-02-01,0.9057422407547168,1125.34,219.802,4195.933,6365.905,6916.72,2.9101
2023-02-02,0.9463986841505134,1120.83,219.8015,4181.149,6370.141,6933.226,2.897
2023-02-03,0.9564166557501901,1122.43,219.8902,4141.632,6343.686,6925.076,2.8943
2023-02-06,0.963736520642201,1122.6,219.9347,4086.878,6302.335,6891.413,2.9017
2023-02-07,0.9543166557501901,1121.61,219.9627,4094.234,6317.238,6924.321,2.8964
2023-02-08,0.9534166557501901,1120.86,219.9968,4076.141,6268.276,6877.725,2.8973
2023-02-09,0.9260827248018113,1120.31,220.0442,4130.857,6354.562,6999.182,2.8912
2023-02-10,0.9198669580657346,1123.76,220.0885,4106.31,6334.252,6975.395,2.9003
2023-02-13,0.8929591528089884,1126.94,220.1719,4143.574,6383.828,7052.177,2.8943
2023-02-14,0.8704980424107136,1132.19,220.212,4145.29,6397.215,7061.449,2.8914
2023-02-15,0.874301280446927,1128.99,220.2406,4123.689,6384.348,7063.605,2.8918
2023-02-16,0.8824275888059699,1126.17,220.2978,4093.488,6289.479,6925.203,2.8907
2023-02-17,0.8881801637383178,1125.05,220.3253,4034.507,6237.405,6868.548,2.892
2023-02-20,0.8688412347435417,1126.79,220.2945,4133.49,6346.068,6959.361,2.917
2023-02-21,0.8569454585511576,1129.63,220.2436,4144.354,6383.425,6990.475,2.919
2023-02-22,0.8626801637383178,1127.49,220.2772,4106.951,6375.068,6998.43,2.9175
2023-02-23,0.8695192868391447,1122.9,220.2655,4103.646,6360.32,6966.787,2.922
2023-02-24,0.9032422407547168,1116.53,220.2739,4061.046,6340.844,6944.824,2.9126
2023-02-27,0.9244084742033377,1111.15,220.3118,4043.844,6307.206,6894.296,2.9117
2023-02-28,0.9256966457229372,1111.61,220.3133,4069.459,6357.535,6955.574,2.9017
2023-03-01,0.9325961886363631,1112.01,220.3459,4126.942,6402.141,7002.771,2.8977
2023-03-02,0.9148485198637908,1111.51,220.3573,4117.738,6382.232,6972.306,2.9111
2023-03-03,0.9233485198637904,1111.08,220.3499,4130.551,6390.318,6967.94,2.9026
2023-03-06,0.921757388261851,1107.81,220.5646,4109.01,6395.219,6997.044,2.8826
2023-03-07,0.9260408482344102,1103.41,220.6115,4048.852,6284.299,6855.344,2.8726
2023-03-08,0.8707196503340752,1100.27,220.6704,4034.108,6301.516,6891.456,2.8828
2023-03-09,0.89792758880597,1099.22,220.724,4019.851,6285.952,6892.857,2.8752
2023-03-10,0.8950041761426979,1098.61,220.7966,3967.135,6204.899,6798.299,2.8627
2023-03-13,0.8972044478390456,1105.66,220.8536,4008.686,6245.003,6832.621,2.8703
2023-03-14,0.9234781333832892,1104.3,220.8979,3984.696,6189.397,6769.849,2.8652
2023-03-15,0.9320143965452492,1103.93,220.9196,3986.902,6224.64,6803.474,2.8652
2023-03-16,0.9649669580657348,1101.13,221.0006,3939.151,6140.832,6689.783,2.8552
2023-03-17,0.9327414621155291,1100.68,221.0763,3958.819,6183.184,6736.367,2.8602
2023-03-20,0.9525266408424216,1096.02,221.2286,3939.077,6160.354,6721.455,2.8504
2023-03-21,0.9583242968277941,1094.73,221.2624,3982.378,6234.679,6809.391,2.8604
2023-03-22,0.963910709750567,1093.84,221.271,3999.443,6269.738,6840.326,2.8577
2023-03-23,0.9578555531190923,1093.55,221.2866,4039.09,6305.759,6868.835,2.8652
2023-03-24,0.942491159758854,1092.76,221.2679,4027.046,6310.098,6867.952,2.8676
2023-03-27,0.946396969172931,1093.36,221.3686,4012.477,6311.6,6886.689,2.8551
2023-03-28,0.9588028434553002,1088.55,221.3961,3999.515,6279.922,6825.383,2.8556
2023-03-29,0.9843643028462995,1080.33,221.4234,4006.144,6260.551,6806.281,2.8532
2023-03-30,0.9483560971751412,1079.33,221.4514,4038.526,6286.177,6807.645,2.8603
2023-03-31,0.9358781333832896,1084.65,221.5013,4050.926,6339.818,6875.808,2.8528
2023-04-03,0.9410969691729316,1089.08,221.5638,4090.568,6413.807,6962.205,2.8604
2023-04-04,0.9588827248018111,1089.1,221.5771,4103.105,6408.899,6953.363,2.8584
2023-04-06,0.9596669580657348,1085.98,221.6133,4096.64,6416.846,6983.027,2.8605
2023-04-07,0.9708827248018111,1087.79,221.6461,4123.28,6464.466,7042.89,2.8464
2023-04-10,0.9877001281273691,1085.57,221.7575,4104.812,6410.522,6968.573,2.8455
2023-04-11,1.0187212369020502,1080.85,221.8879,4100.148,6420.877,6984.142,2.8203
2023-04-12,1.0246792776300797,1074.55,221.9936,4097.288,6443.439,7021.016,2.8158
2023-04-13,1.063020253174297,1069.75,222.0131,4068.979,6404.646,6966.818,2.8277
2023-04-14,1.0776481413673231,1071.71,222.0318,4091.999,6431.069,7020.094,2.8281
2023-04-17,1.0385589013435697,1075.21,222.058,4149.384,6459.24,7012.773,2.8432
2023-04-18,1.0409387353504391,1077.87,222.1277,4162.032,6449.853,6997.072,2.8319
2023-04-19,1.0380560252679936,1074.15,222.2117,4124.559,6416.97,6965.576,2.8333
2023-04-20,1.0545285420991917,1068.46,222.2633,4113.019,6411.756,6963.899,2.8332
2023-04-21,1.0739230767450825,1053.56,222.3218,4032.567,6250.545,6773.512,2.8258
2023-04-24,1.0404625478824867,1049.43,222.4831,3982.643,6208.78,6725.271,2.8176
2023-04-25,1.0512146990439764,1044.71,222.5157,3962.666,6118.153,6603.239,2.8157
2023-04-26,1.0640744500574049,1039.08,222.5753,3959.232,6142.154,6624.4,2.8058
2023-04-27,1.099541428351901,1029.43,222.771,3988.419,6157.936,6633.493,2.7852
2023-04-28,1.1329918522243707,1029.05,222.8177,4029.086,6241.244,6723.305,2.7788
2023-05-04,1.193327273367227,1022.6,223.1052,4030.247,6262.389,6733.969,2.7613
2023-05-05,1.2425987172630744,1017.29,223.313,4016.877,6200.576,6653.653,2.7338
2023-05-08,1.2484308055335962,1013.36,223.3661,4062.662,6248.583,6702.5,2.7484
2023-05-09,1.2427952511811018,1015.49,223.4159,4027.875,6181.976,6611.637,2.7383
2023-05-10,1.168223822307692,1031.64,223.581,3996.87,6173.809,6627.311,2.721
2023-05-11,1.1555911281464524,1034.5,223.7915,3990.664,6154.47,6622.521,2.701
2023-05-12,1.1744693545663851,1032.25,223.7835,3937.762,6091.646,6535.944,2.7058
2023-05-15,1.2232931532163738,1025.18,223.8079,3998.887,6159.389,6585.91,2.719
2023-05-16,1.209513474786656,1029.71,223.7983,3978.205,6110.827,6516.289,2.7129
2023-05-17,1.2044588268633531,1027.71,223.7825,3960.165,6122.052,6554.98,2.721
2023-05-18,1.2254307090483612,1025.53,223.7495,3956.07,6128.176,6583.738,2.7184
2023-05-19,1.231809421545667,1022.73,223.8095,3944.54,6117.083,6602.317,2.7151
2023-05-22,1.2491753675548587,1020.62,223.9175,3969.328,6115.315,6595.984,2.7132
2023-05-23,1.269283112941176,1020.14,224.0663,3913.188,6052.43,6528.453,2.6962
2023-05-24,1.2883970935649427,1019.06,224.1041,3859.094,6005.791,6513.182,2.7037
2023-05-25,1.291911205219454,1019.47,224.1018,3850.5,5988.189,6501.0,2.7065
2023-05-26,1.2715970935649428,1017.34,224.0732,3850.951,6034.983,6546.408,2.7205
2023-05-29,1.31450909516257,1009.98,224.1308,3833.942,6025.155,6534.117,2.695
2023-05-30,1.3480312001601271,996.39,224.195,3837.753,6061.309,6564.469,2.7
2023-05-31,1.445711575980392,982.35,224.2559,3798.543,6047.802,6561.649,2.685
2023-06-01,1.4908313817581504,976.21,224.3568,3806.868,6051.46,6574.758,2.6825
2023-06-02,1.4799544748142024,970.31,224.3157,3861.834,6105.218,6626.279,2.6951
2023-06-05,1.5686650391908965,939.32,224.3902,3844.249,6097.106,6632.956,2.6926
2023-06-06,1.613059276975361,930.99,224.4859,3808.163,5983.42,6489.811,2.6826
2023-06-07,1.5482547857740578,943.14,224.5705,3789.342,5987.011,6488.557,2.6827
2023-06-08,1.4569657544003274,964.39,224.5992,3820.187,5966.148,6442.482,2.6822
2023-06-09,1.448633579633401,964.26,224.7104,3836.703,6009.583,6495.564,2.6703
2023-06-12,1.4772546095159962,957.82,224.8337,3844.432,6027.712,6530.161,2.6704
2023-06-13,1.5012730579119085,954.72,225.0765,3864.907,6044.037,6554.957,2.6227
2023-06-14,1.5213657544003274,952.73,225.2178,3864.025,6044.077,6578.123,2.6178
2023-06-15,1.4977540541205403,950.33,225.1045,3925.499,6096.808,6613.955,2.6482
2023-06-16,1.473179933742331,956.04,224.9288,3963.351,6148.013,6669.005,2.6626
2023-06-19,1.4840097103960388,948.54,224.8178,3930.908,6131.385,6693.299,2.6876
2023-06-20,1.494789458969072,945.69,224.8262,3924.238,6126.113,6693.915,2.6751
2023-06-21,1.499789458969072,939.67,224.9032,3864.032,5990.846,6548.407,2.6701
2023-06-26,1.5264028361675646,933.67,225.0342,3809.696,5887.032,6420.973,2.6677
2023-06-27,1.5074544748142022,930.6,224.9863,3845.433,5948.003,6507.273,2.6676
2023-06-28,1.4622395665306112,928.91,225.0265,3840.799,5942.311,6475.505,2.6651
2023-06-29,1.4479603965936731,924.95,225.088,3821.844,5940.578,6520.039,2.6526
2023-06-30,1.4888730579119085,918.59,225.2071,3842.452,5998.729,6602.037,2.6351
2023-07-03,1.5331313817581504,909.04,225.2884,3892.882,6042.312,6612.884,2.6402
2023-07-04,1.518753208899876,903.0,225.3325,3899.013,6055.258,6638.447,2.6477
2023-07-05,1.5996247119496854,892.75,225.3743,3868.805,6020.821,6584.423,2.6402
2023-07-06,1.5050548926229506,909.36,225.4324,3842.755,5988.553,6567.079,2.6392
2023-07-07,1.4354686166868191,928.76,225.477,3825.699,5961.606,6521.427,2.6403
2023-07-10,1.4585982318605586,931.2,225.5658,3844.327,5984.281,6526.852,2.6403
2023-07-11,1.4752617634146334,928.2,225.6523,3869.486,6029.232,6579.37,2.6353
2023-07-12,1.4861730579119086,923.76,225.6923,3843.437,5962.794,6482.987,2.6378
2023-07-13,1.4377568527632103,930.76,225.7163,3898.423,6044.058,6548.313,2.6413
2023-07-14,1.3987755049980004,938.67,225.6991,3899.103,6030.519,6544.459,2.6444
2023-07-17,1.344695251181102,961.59,225.8004,3867.175,6012.69,6516.56,2.6364
2023-07-18,1.262834411222136,989.34,225.889,3854.939,6001.8,6510.034,2.6234
2023-07-19,1.299113474786656,978.29,225.9541,3850.866,5993.413,6492.349,2.6233
2023-07-20,1.3394233207990598,961.9,225.9915,3823.695,5925.484,6408.76,2.6214
2023-07-21,1.3054057035603712,963.6,226.0975,3821.91,5925.626,6401.417,2.6079
2023-07-24,1.2824075653507083,963.04,226.2459,3805.221,5916.714,6393.794,2.5934
2023-07-25,1.200959471914406,965.14,225.9708,3915.115,6016.631,6498.269,2.663
2023-07-26,1.215062547882487,963.27,225.985,3907.013,6001.54,6457.254,2.643
2023-07-27,1.230374450057405,960.5,226.1123,3902.346,5961.184,6407.546,2.6395
2023-07-28,1.1959508328892268,960.88,226.1283,3992.738,6043.244,6465.376,2.6533
2023-07-31,1.1764084742033378,965.54,226.0833,4014.63,6088.243,6515.849,2.6597
2023-08-01,1.1710476081849186,972.05,226.1471,3998.001,6098.879,6507.412,2.6607
2023-08-02,1.183608474203338,975.75,226.2194,3969.895,6077.465,6496.022,2.6525
2023-08-03,1.1867961886363632,975.12,226.3256,4004.984,6098.687,6499.545,2.6435
2023-08-04,1.205283595428571,978.22,226.3582,4020.579,6128.556,6535.322,2.6469
2023-08-07,1.200122532521871,980.14,226.4469,3990.153,6090.731,6503.983,2.6462
2023-08-08,1.1907084742033378,981.63,226.4849,3979.732,6066.102,6471.344,2.6454
2023-08-09,1.2016861255707756,984.15,226.52,3967.565,6021.751,6420.977,2.6461
2023-08-10,1.2076208303469302,984.5,226.5217,3975.717,6031.711,6426.814,2.6475
2023-08-11,1.214083595428571,981.25,226.5787,3884.254,5913.35,6304.635,2.6381
2023-08-14,1.2251225325218709,979.02,226.7522,3855.906,5916.803,6319.407,2.6212
2023-08-15,1.2543961886363633,979.64,227.0718,3846.536,5879.778,6261.733,2.5759
2023-08-16,1.2712084742033376,976.12,227.217,3818.334,5833.216,6186.403,2.5649
2023-08-17,1.2654001281273688,971.03,227.2679,3831.101,5874.361,6247.601,2.5678
2023-08-18,1.2205243779940114,972.0,227.3506,3784.004,5777.797,6117.107,2.5639
2023-08-21,1.2272044478390458,966.34,227.6049,3729.555,5710.778,6057.171,2.5403
2023-08-22,1.346333283674256,964.1,227.6354,3758.227,5741.061,6099.195,2.5564
2023-08-23,1.3613207270615555,962.5,227.6641,3696.634,5629.5,5973.671,2.5535
2023-08-24,1.2905600524714829,966.9,227.6937,3723.429,5652.673,5987.966,2.5543
2023-08-25,1.293759471914406,969.99,227.6519,3709.152,5581.212,5879.027,2.5702
2023-08-28,1.286174450057405,971.66,227.5501,3752.619,5644.141,5922.162,2.5837
2023-08-29,1.3372573176197835,969.16,227.4952,3790.107,5770.316,6108.759,2.57
2023-08-30,1.3457481413673231,968.71,227.504,3788.51,5775.153,6139.627,2.56
2023-08-31,1.3664355599534337,967.94,227.5606,3765.268,5739.398,6104.295,2.5575
2023-09-01,1.3711744671361497,964.79,227.4572,3791.491,5750.803,6107.2,2.585
2023-09-04,1.3283567957911142,962.5,227.1953,3848.952,5829.784,6198.762,2.6124
2023-09-05,1.3319094215456668,962.52,227.1574,3820.317,5788.715,6167.642,2.615
2023-09-06,1.3094094215456669,962.38,226.9865,3812.028,5790.381,6195.383,2.6375
2023-09-07,1.263219713955281,962.49,226.8209,3758.475,5702.701,6083.489,2.635
2023-09-08,1.2849134747866555,964.61,226.7472,3739.993,5708.623,6102.488,2.6375
2023-09-11,1.2682197139552809,970.51,226.6884,3767.537,5774.731,6182.643,2.63
2023-09-12,1.287279171693735,970.02,226.7591,3760.605,5770.926,6184.606,2.623
2023-09-13,1.2967918522243704,968.93,226.8514,3736.651,5715.397,6103.137,2.615
2023-09-14,1.3042918522243707,967.65,226.951,3733.508,5702.102,6068.713,2.6075
2023-09-15,1.273305703560371,965.67,226.8926,3708.777,5704.663,6079.063,2.64
2023-09-18,1.2769832768932037,962.73,226.7978,3727.711,5719.689,6083.969,2.65
2023-09-19,1.2660089114219115,962.54,226.7649,3720.502,5687.901,6031.042,2.6625
2023-09-20,1.2650357318305474,962.42,226.7553,3705.69,5651.006,5982.558,2.665
2023-09-21,1.278554899961074,962.06,226.807,3672.445,5611.919,5939.664,2.6576
2023-09-22,1.2478588268633533,963.28,226.7723,3738.933,5698.817,6054.928,2.6776
2023-09-25,1.2293832768932034,962.88,226.6997,3714.604,5666.664,6027.394,2.6976
2023-09-26,1.2456567957911142,963.09,226.5902,3692.893,5646.654,5996.11,2.6951
2023-09-27,1.249987670560747,963.3,226.5951,3700.495,5674.345,6034.061,2.6877
2023-09-28,1.264121635372029,965.3,226.7308,3689.517,5690.77,6078.945,2.6751
2023-10-09,1.2644233221789882,962.17,226.9609,3684.727,5658.083,6059.965,2.6702
2023-10-10,1.2489357318305476,960.3,226.8501,3657.126,5630.371,6043.482,2.6811
2023-10-11,1.2385548999610738,954.79,226.6839,3667.548,5629.789,6059.401,2.6976
2023-10-12,1.240463739502332,953.75,226.6177,3702.382,5671.642,6104.456,2.6911
2023-10-13,1.261363739502332,950.03,226.7243,3663.41,5633.383,6081.866,2.6702
2023-10-16,1.2738365134818284,943.67,226.7798,3626.597,5580.667,6024.359,2.6777
2023-10-17,1.3244912452380948,938.95,226.7096,3639.402,5595.342,6011.37,2.6882
2023-10-18,1.3640080233400398,933.79,226.6249,3610.577,5524.599,5908.008,2.7052
2023-10-19,1.3845239099391478,927.09,226.4442,3533.545,5464.027,5842.892,2.7177
2023-10-20,1.462970625721351,915.88,226.4211,3510.589,5423.675,5774.32,2.7052
2023-10-23,1.5174218947807931,902.33,226.5209,3474.244,5290.334,5638.136,2.7047
2023-10-24,1.4453226175380811,911.82,226.4154,3487.13,5352.012,5719.323,2.7177
2023-10-25,1.4407540541205406,916.23,226.4802,3504.458,5375.998,5778.905,2.7052
2023-10-26,1.4529706257213513,914.39,226.5373,3514.145,5398.934,5811.692,2.7152
2023-10-27,1.4548706257213513,914.67,226.5259,3562.385,5492.027,5916.678,2.7133
2023-10-30,1.476526580190634,909.84,226.6131,3583.772,5546.388,6006.559,2.7141
2023-10-31,1.5107662943866944,908.96,226.6943,3572.506,5528.239,5969.341,2.6938
2023-11-01,1.5652178385876416,905.0,226.7295,3571.027,5509.966,5958.418,2.6853
2023-11-02,1.6077615252951092,902.55,226.8742,3554.189,5459.452,5885.247,2.6553
2023-11-03,1.5892178385876412,903.3,226.8873,3584.136,5510.357,5973.167,2.6613
2023-11-06,1.5491662943866942,902.59,226.9615,3632.608,5605.062,6096.57,2.6554
2023-11-07,1.5326431278008297,897.93,226.9646,3619.759,5611.098,6116.757,2.6632
2023-11-08,1.4910721513911618,903.59,226.9767,3611.072,5608.017,6138.938,2.6464
2023-11-09,1.4412075800970872,911.05,227.032,3612.826,5592.057,6100.693,2.6494
2023-11-10,1.4981571233101183,909.14,227.1037,3586.489,5573.1,6088.558,2.6444
2023-11-13,1.5313789913258984,904.91,227.2258,3579.414,5605.569,6144.635,2.6454
2023-11-14,1.5368028361675643,904.22,227.2638,3582.058,5630.553,6181.98,2.6573
2023-11-15,1.5500258074999995,901.57,227.3091,3607.245,5664.617,6207.268,2.6633
2023-11-16,1.5680855213032574,898.96,227.454,3572.364,5609.361,6145.151,2.6558
2023-11-17,1.5714855213032577,895.63,227.5558,3568.069,5631.423,6199.228,2.6524
2023-11-20,1.5743258007534533,892.49,227.6275,3576.323,5659.773,6253.276,2.6584
2023-11-21,1.5928650391908965,888.79,227.6627,3581.067,5641.084,6212.125,2.6684
2023-11-22,1.631685468430034,882.52,227.6206,3544.416,5572.899,6132.97,2.6823
2023-11-23,1.7095594842931936,873.8,227.4949,3561.52,5622.989,6197.526,2.7023
2023-11-24,1.7869176534873392,862.39,227.484,3538.009,5570.421,6115.407,2.7053
2023-11-27,1.877213583484573,851.01,227.4419,3511.942,5566.507,6111.364,2.7108
2023-11-28,1.9128317423759664,847.27,227.4911,3518.523,5591.496,6143.302,2.6898
2023-11-29,1.8723468189189176,846.03,227.5057,3488.307,5553.335,6113.366,2.6826
2023-11-30,1.7573750275711149,849.26,227.603,3496.203,5545.05,6080.547,2.668
2023-12-01,1.6774064111587976,850.32,227.6074,3482.881,5566.869,6130.051,2.6625
2023-12-04,1.7316733179442507,849.77,227.6243,3460.138,5559.068,6114.393,2.6725
2023-12-05,1.8735915341113087,846.35,227.6147,3394.257,5460.409,5992.6,2.665
2023-12-06,1.8518767060402683,847.94,227.5925,3399.598,5481.824,6023.804,2.6725
2023-12-07,1.8664578575268809,845.85,227.6316,3391.282,5481.136,6020.83,2.664
2023-12-08,1.8567316665176563,843.35,227.6852,3399.462,5497.99,6003.144,2.6636
2023-12-11,1.882401941808414,836.91,227.8496,3419.455,5564.854,6075.08,2.644
2023-12-12,1.8727506413916144,829.69,227.89,3426.803,5566.178,6078.99,2.6375
2023-12-13,1.922110983370786,823.26,228.0724,3369.605,5507.513,6019.553,2.6226
2023-12-14,1.9009915341113093,821.57,228.1827,3351.964,5489.327,5991.862,2.6376
2023-12-15,1.8615491964523283,822.51,228.382,3341.552,5449.786,5951.6,2.6227
2023-12-18,1.8420175938325989,821.57,228.5832,3329.366,5385.27,5857.005,2.6126
2023-12-19,1.831596275528169,819.78,228.6715,3334.041,5379.874,5863.542,2.6191
2023-12-20,1.7590746698440207,828.9,228.7722,3297.502,5309.287,5761.312,2.6222
2023-12-21,1.7073848865278358,849.23,228.9394,3330.87,5338.762,5798.912,2.5901
2023-12-22,1.6450258007534533,856.09,229.1504,3337.228,5311.69,5733.909,2.5877
2023-12-25,1.7078794663847772,856.67,229.3912,3347.451,5315.375,5735.726,2.5678
2023-12-26,1.7409598025641024,854.18,229.53,3324.79,5258.284,5651.588,2.5804
2023-12-27,1.8197813584415576,848.8,229.6604,3336.357,5285.53,5696.161,2.5577
2023-12-28,1.8194810494791671,851.81,229.7753,3414.54,5382.797,5805.527,2.5694
2023-12-29,1.725810049957662,861.77,229.8451,3431.11,5429.229,5887.235,2.5553
2024-01-02,1.7282723231552164,849.64,229.8875,3386.352,5409.455,5854.749,2.5601
2024-01-03,1.731638109322034,845.47,229.8373,3378.297,5401.395,5824.043,2.5531
2024-01-04,1.8218129043103448,838.83,229.9325,3347.052,5355.322,5783.016,2.5368
2024-01-05,1.8505267550755933,831.18,230.0946,3329.111,5281.871,5675.809,2.5175
2024-01-08,1.9040417378768013,822.25,230.1884,3286.056,5167.7,5543.575,2.5136
2024-01-09,2.0422289914912666,806.91,230.4195,3292.499,5180.653,5553.304,2.4862
2024-01-10,2.1919585983302405,795.88,230.4444,3277.129,5158.078,5512.069,2.4982
2024-01-11,2.2683539547383305,798.88,230.4621,3295.672,5223.863,5611.115,2.4992
2024-01-12,1.8622469135287625,796.02,230.4332,3284.167,5206.178,5574.493,2.5172
2024-01-15,2.1279706622395826,800.58,230.4873,3280.92,5193.296,5559.376,2.5212
2024-01-16,2.0547936744484345,810.26,230.4982,3300.876,5190.398,5539.474,2.5252
2024-01-17,2.0460087981124855,821.92,230.5765,3229.082,5061.54,5389.122,2.5077
2024-01-18,2.0884861558073653,813.24,230.7272,3274.729,5066.958,5373.424,2.5092
2024-01-19,2.0796448005646817,817.1,230.8335,3269.776,5018.433,5306.986,2.5027
2024-01-22,2.1257036065700974,807.69,231.0978,3218.902,4780.975,5000.834,2.4922
2024-01-23,2.138924926657997,800.48,231.1546,3231.933,4865.743,5079.632,2.5042
2024-01-24,2.1577180945293115,799.29,231.2218,3277.109,4933.701,5143.408,2.5042
2024-01-25,2.115922911088136,807.57,231.3602,3342.919,5073.178,5316.195,2.4984
2024-01-26,2.0876543019013356,808.7,231.4128,3333.821,5027.093,5269.765,2.4994
2024-01-29,2.091876019265347,810.24,231.5478,3303.96,4927.914,5131.247,2.494
2024-01-30,2.1307650849068716,810.66,231.9562,3245.039,4814.991,4984.66,2.4557
2024-01-31,2.163502405509784,807.81,232.3361,3215.352,4696.98,4785.032,2.433
2024-02-01,2.168807696453901,808.41,232.3949,3217.711,4678.731,4750.444,2.4354
2024-02-02,2.1833727043489484,808.18,232.3914,3179.628,4563.222,4574.669,2.4244
2024-02-05,2.215912564447317,803.0,232.6497,3200.422,4460.264,4293.07,2.4002
2024-02-06,2.1576524449322134,804.9,232.4177,3311.692,4805.901,4592.444,2.4525
2024-02-07,2.189501481299974,811.58,232.4835,3343.63,5109.569,4797.846,2.4153
2024-02-08,2.110587985477706,829.58,232.4648,3364.93,5150.229,4993.105,2.4379
2024-02-19,1.9650123565795958,861.37,232.7144,3403.808,5141.604,5029.586,2.4344
2024-02-20,2.0386736516209467,868.55,232.8582,3410.854,5140.958,5046.012,2.4134
2024-02-21,2.0423952452594802,874.58,232.9174,3456.871,5139.037,5073.482,2.4119
2024-02-22,2.0338356637256108,882.42,233.0186,3486.675,5176.343,5151.534,2.4033
2024-02-23,1.8437065960532564,899.38,233.1976,3489.742,5197.712,5225.67,2.4009
2024-02-26,1.806007487810595,925.44,233.3672,3453.359,5195.464,5255.396,2.3789
2024-02-27,1.831656711420481,914.0,233.5772,3494.787,5307.804,5394.034,2.3809
2024-02-28,1.8774431691653874,900.75,233.7334,3450.26,5184.047,5152.052,2.3376
2024-02-29,1.8780408129870125,907.15,234.0485,3516.083,5346.793,5344.605,2.3375
2024-03-01,1.7838348082781073,926.86,233.7782,3537.804,5379.048,5401.939,2.3675
2024-03-04,1.771746733502538,942.68,233.9036,3540.869,5388.82,5428.336,2.3475
2024-03-05,1.8080573343345656,946.23,233.9669,3565.514,5351.827,5375.132,2.3169
2024-03-06,1.8863348082781066,936.97,234.3408,3551.048,5350.102,5381.459,2.265
2024-03-07,1.9102525317851273,928.49,234.4808,3529.72,5277.299,5303.277,2.2776
2024-03-08,1.8906686168770441,926.16,234.4756,3544.91,5349.595,5370.372,2.2825
2024-03-11,1.853103026202399,929.41,234.3427,3589.264,5441.051,5466.646,2.305
2024-03-12,1.8090508365541327,927.19,233.9172,3597.494,5423.718,5496.355,2.3476
2024-03-13,1.833265206626998,921.12,233.8103,3572.361,5415.113,5521.784,2.3326
2024-03-14,1.8219075910893399,918.2,233.7338,3562.223,5392.927,5486.646,2.3425
2024-03-15,1.846351305250875,919.85,233.8351,3569.993,5454.146,5555.644,2.32
2024-03-18,1.8888768340555095,918.96,234.0412,3603.528,5528.447,5648.012,2.2926
2024-03-19,1.8994189846658078,917.32,234.23,3577.63,5478.225,5607.475,2.2801
2024-03-20,1.8770933496143958,911.95,234.2072,3585.384,5493.414,5659.154,2.2951
2024-03-21,1.9499410017791479,905.34,234.2321,3581.09,5465.829,5658.279,2.2851
2024-03-22,1.9334601479107312,894.2,234.2303,3545.002,5384.566,5595.885,2.3051
2024-03-25,1.9482588878805969,890.79,234.151,3525.763,5294.746,5466.062,2.3151
2024-03-26,1.9286209045070748,897.38,234.1371,3543.747,5284.419,5447.748,2.3175
2024-03-27,1.906647701867732,913.97,234.268,3502.787,5156.684,5266.231,2.2876
2024-03-28,1.9044968170142573,911.07,234.359,3520.965,5223.806,5382.236,2.3026
2024-03-29,1.91947683164348,908.22,234.4654,3537.484,5286.161,5441.26,2.2901
2024-04-01,1.8835857109650154,909.59,234.3959,3595.647,5401.225,5559.056,2.3082
2024-04-02,1.910929701671768,908.89,234.5211,3580.676,5381.229,5531.052,2.2927
2024-04-03,1.9184455438390011,915.92,234.6921,3567.803,5374.595,5500.926,2.2837
2024-04-08,1.8672050768158046,919.82,234.8724,3536.408,5298.591,5399.915,2.2822
2024-04-09,1.8803255984618972,921.34,234.9949,3533.487,5342.898,5468.911,2.2802
2024-04-10,1.9039566873749854,924.32,234.9746,3504.709,5275.473,5367.052,2.2972
2024-04-11,1.9093455438390015,928.82,235.0193,3504.245,5301.809,5379.915,2.2928
2024-04-12,1.9468249627962075,926.09,235.2418,3475.839,5277.219,5338.769,2.2837
2024-04-15,1.9658160149821642,921.12,235.3764,3549.076,5339.722,5287.512,2.2798
2024-04-16,1.978876412191927,916.14,235.4277,3511.115,5191.554,5066.66,2.2723
2024-04-17,1.9687227062307506,921.36,235.5524,3565.403,5339.747,5287.456,2.2608
2024-04-18,1.9708185383341221,922.64,235.7852,3569.802,5349.836,5286.719,2.2537
2024-04-19,1.967022660598179,921.23,235.9926,3541.662,5314.867,5264.389,2.254
2024-04-22,1.9750291453213609,926.5,236.2847,3530.905,5267.581,5246.082,2.2435
2024-04-23,1.9751566873749848,930.33,236.5837,3506.225,5208.271,5218.428,2.226
2024-04-24,1.9073082751112147,933.18,236.2346,3521.622,5263.039,5305.607,2.2727
2024-04-25,1.8737890777070059,942.94,236.0892,3530.281,5259.335,5313.986,2.2612
2024-04-26,1.8146520422632801,949.31,235.7464,3584.269,5372.121,5415.938,2.3084
2024-04-29,1.7772059787160208,945.21,235.0949,3623.912,5478.491,5545.235,2.353
2024-04-30,1.8365033487131919,942.93,235.4005,3604.394,5441.141,5497.43,2.3028
2024-05-06,1.8120974020309246,945.41,235.5079,3657.877,5528.604,5606.842,2.3081
2024-05-07,1.800392060252004,949.75,235.7436,3659.008,5527.085,5625.336,2.2896
2024-05-08,1.778160089674842,947.31,235.8227,3630.223,5458.756,5536.659,2.2955
2024-05-09,1.7255307833276696,948.88,235.719,3664.561,5556.771,5626.825,2.3186
2024-05-10,1.7503362027534417,948.8,235.6691,3666.277,5535.395,5574.232,2.3122
2024-05-13,1.75733968329177,944.86,235.837,3664.691,5505.26,5520.804,2.29
2024-05-14,1.7167167568235415,943.1,236.0117,3657.045,5500.738,5551.675,2.2938
2024-05-15,1.7125750715088823,939.63,236.0262,3626.056,5446.656,5497.235,2.302
2024-05-16,1.6747559425698317,940.92,235.9289,3640.359,5424.665,5488.946,2.3147
2024-05-17,1.6947246929716395,942.08,235.8487,3677.97,5491.894,5563.231,2.3077
2024-05-20,1.6964162480080793,938.94,235.9713,3690.962,5523.501,5596.777,2.3105
2024-05-21,1.6856345901198606,936.14,235.9741,3676.161,5478.913,5536.745,2.3141
2024-05-22,1.7027265024176308,933.2,236.0423,3684.451,5468.607,5539.66,2.3123
2024-05-23,1.7497752795637846,931.4,236.1899,3641.792,5362.305,5412.824,2.3063
2024-05-24,1.7088632292441135,937.67,236.2037,3601.475,5313.455,5350.107,2.3134
2024-05-27,1.7215808900677203,938.94,236.2359,3635.708,5371.369,5404.616,2.3084
2024-05-28,1.7301260902832636,937.29,236.3691,3609.172,5316.129,5348.029,2.2994
2024-05-29,1.7747925418227208,936.66,236.5436,3613.522,5328.306,5351.252,2.2776
2024-05-30,1.7878093349293198,933.67,236.6032,3594.312,5308.66,5334.296,2.2826
2024-05-31,1.7487843447651383,933.48,236.499,3579.925,5308.54,5355.21,2.2926
2024-06-03,1.760205402900521,932.79,236.6671,3588.748,5274.069,5284.624,2.2853
2024-06-04,1.733693953849616,933.41,236.7624,3615.671,5341.95,5313.708,2.2854
2024-06-05,1.7342265024176313,936.46,236.9175,3594.794,5277.941,5244.085,2.2808
2024-06-06,1.7313237421023042,938.19,237.0328,3592.245,5228.8,5130.869,2.2828
2024-06-07,1.7335332417594769,937.92,237.1048,3574.114,5208.98,5153.587,2.2833
2024-06-11,1.7323178952926632,935.13,237.271,3542.877,5217.47,5198.923,2.2791
2024-06-12,1.7358686164044943,933.28,237.3027,3544.123,5232.953,5216.462,2.276
2024-06-13,1.7386666389138234,936.24,237.3959,3526.131,5194.59,5180.236,2.2678
2024-06-14,1.7323191428571427,937.23,237.5495,3541.533,5213.093,5180.651,2.2558
2024-06-17,1.7348062092658905,933.96,237.6444,3536.199,5207.128,5183.968,2.2609
2024-06-18,1.721542784012469,933.42,237.7882,3545.59,5230.891,5227.254,2.2537
2024-06-19,1.7407696068280698,933.27,237.8945,3528.749,5168.82,5159.995,2.2429
2024-06-20,1.7316281387527834,930.8,238.0117,3503.282,5094.565,5056.138,2.2445
2024-06-21,1.6935119369329497,933.61,237.9061,3495.62,5102.329,5055.333,2.2571
2024-06-24,1.6863722182338694,935.55,238.0157,3476.81,4992.91,4887.777,2.2451
2024-06-25,1.6852493067632845,933.0,238.1772,3457.902,4948.634,4847.611,2.235
2024-06-26,1.6973189357778022,933.21,238.2505,3480.265,5020.432,4986.384,2.2225
2024-06-27,1.6254442007730294,939.1,238.4146,3454.118,4928.051,4864.086,2.2081
2024-06-28,1.6559381230802506,936.28,238.5433,3461.657,4942.782,4895.987,2.2058
2024-07-01,1.6031400955771298,931.69,238.3038,3478.183,5003.161,4940.247,2.2486
2024-07-02,1.5810673530795545,934.14,238.4132,3471.786,4949.477,4905.65,2.2369
2024-07-03,1.5566797069589273,934.65,238.5795,3463.414,4910.925,4867.133,2.2426
2024-07-04,1.549484014685538,933.12,238.6065,3445.813,4834.498,4761.868,2.2502
2024-07-05,1.5178253995538085,931.84,238.4352,3431.061,4866.265,4810.794,2.2754
2024-07-08,1.551393704110178,929.52,238.1939,3401.76,4783.617,4693.965,2.2904
2024-07-09,1.5728206076194573,927.43,238.3864,3439.811,4876.899,4797.063,2.2698
2024-07-10,1.5241379940482513,928.62,238.4282,3428.966,4844.162,4777.682,2.2707
2024-07-11,1.5316519602339178,927.61,238.4879,3468.169,4939.732,4893.594,2.2648
2024-07-12,1.5099939478352686,929.5,238.6167,3472.401,4919.364,4878.02,2.2604
2024-07-15,1.4459653560621755,934.41,238.7692,3476.247,4883.897,4827.602,2.2541
2024-07-16,1.4561003837584592,934.69,238.7961,3498.283,4898.363,4836.718,2.2613
2024-07-17,1.4572133964189051,934.69,238.8178,3501.584,4856.579,4795.624,2.2598
2024-07-18,1.4373722023241335,933.53,238.7742,3520.931,4877.692,4812.426,2.2673
2024-07-19,1.4618148786235656,935.23,238.8083,3539.016,4872.053,4821.423,2.2614
2024-07-22,1.5076458669049617,933.43,239.1115,3514.925,4865.978,4826.871,2.2461
2024-07-23,1.5417806242469076,931.72,239.3147,3439.878,4722.799,4694.953,2.2322
2024-07-24,1.5418736063942404,930.6,239.401,3418.166,4668.062,4631.011,2.2381
2024-07-25,1.5504115093901667,929.62,239.611,3399.272,4665.449,4632.567,2.2168
2024-07-26,1.5257115530318812,934.83,239.7809,3409.293,4736.377,4702.08,2.1944
2024-07-29,1.5751559989546304,935.19,240.0307,3390.742,4708.844,4685.646,2.1574
2024-07-30,1.564761847353644,938.59,240.2382,3369.382,4699.282,4702.491,2.148
2024-07-31,1.5618182398919027,940.13,240.371,3442.084,4886.414,4889.081,2.1494
2024-08-01,1.587700383758459,941.38,240.5737,3419.267,4852.973,4878.289,2.1297
2024-08-02,1.5792799300249163,944.72,240.7533,3384.392,4788.616,4809.889,2.1277
2024-08-05,1.5449114156353134,952.62,240.9773,3343.321,4693.848,4678.775,2.1376
2024-08-06,1.5122649185808035,959.81,240.835,3342.979,4750.776,4749.947,2.1491
2024-08-07,1.4471055965829143,972.54,241.0006,3341.489,4751.941,4743.41,2.1414
2024-08-08,1.417269745641439,968.78,240.7858,3342.937,4755.815,4739.493,2.181
2024-08-09,1.3895449789970855,970.36,240.5062,3331.627,4720.31,4702.745,2.1986
2024-08-12,1.33626356098051,970.07,239.9117,3325.865,4714.159,4674.102,2.2508
2024-08-13,1.3887960508148598,968.62,240.083,3334.39,4731.835,4697.586,2.2255
2024-08-14,1.36470367903451,972.26,240.4946,3309.239,4667.073,4649.278,2.1966
2024-08-15,1.3559485076294004,972.45,240.3384,3341.953,4698.375,4691.85,2.205
2024-08-16,1.3932319507190984,969.62,240.3609,3345.634,4670.379,4655.651,2.1978
2024-08-19,1.4551519541658176,966.5,240.4765,3356.968,4682.963,4663.612,2.1816
2024-08-20,1.4705737568587451,963.37,240.5526,3332.703,4602.01,4579.304,2.171
2024-08-21,1.5136134095454077,960.36,240.4695,3321.635,4587.122,4548.264,2.167
2024-08-22,1.5020389221937467,960.19,240.5979,3313.136,4533.37,4491.839,2.1582
2024-08-23,1.4772429036720576,959.86,240.6246,3327.191,4537.087,4495.344,2.1547
2024-08-26,1.4880824832310837,956.57,240.6588,3324.223,4544.359,4512.893,2.1628
2024-08-27,1.4617027294671165,955.01,240.4118,3305.334,4495.286,4459.68,2.1903
2024-08-28,1.5038526512440875,957.76,240.4928,3286.496,4500.009,4470.55,2.1673
2024-08-29,1.5221126872802477,953.65,240.5069,3277.681,4557.901,4542.464,2.1703
2024-08-30,1.533887860358958,954.32,240.4802,3321.432,4639.114,4629.32,2.1704
2024-09-02,1.528852916126376,955.26,240.8075,3265.011,4546.883,4532.515,2.1457
2024-09-03,1.5511228852560777,950.59,240.9284,3273.428,4596.482,4572.397,2.1432
2024-09-04,1.5569044636692502,947.51,241.0942,3252.165,4582.084,4550.77,2.1336
2024-09-05,1.539240909988684,951.79,241.2959,3257.758,4601.091,4586.781,2.1338
2024-09-06,1.5154452856411833,951.22,241.3542,3231.346,4537.454,4508.228,2.1388
2024-09-09,1.5275452856411824,948.23,241.5496,3192.952,4507.187,4475.532,2.1267
2024-09-10,1.5606311121860845,944.66,241.7233,3195.755,4507.707,4487.576,2.1143
2024-09-11,1.5883945688282135,942.68,241.8981,3186.13,4514.916,4486.007,2.1044
2024-09-12,1.6060257069019193,940.1,242.0012,3172.475,4496.592,4468.744,2.0998
2024-09-13,1.6272819693296028,940.48,242.1845,3159.247,4450.959,4413.187,2.0724
2024-09-18,1.6509675163858157,937.33,242.6428,3171.01,4462.87,4399.133,2.0403
2024-09-19,1.7397817135891454,934.46,242.6279,3196.036,4520.394,4482.275,2.045
2024-09-20,1.8107187464651915,935.95,242.6053,3201.05,4498.39,4463.356,2.0431
2024-09-23,1.8041071113741525,933.22,242.7072,3212.764,4494.688,4469.133,2.0381
2024-09-24,1.732147856564364,938.92,242.4757,3351.909,4689.596,4642.558,2.0728
2024-09-25,1.7270921307424223,945.13,242.6669,3401.533,4731.476,4686.258,2.0437
2024-09-26,1.659326663107202,947.41,242.4811,3545.32,4938.184,4874.132,2.0787
2024-09-27,1.5795854696921943,945.03,241.3006,3703.685,5201.666,5136.441,2.1714
2024-09-30,1.6588329440768401,942.21,240.6809,4017.855,5743.217,5708.826,2.1518
2024-10-08,1.6630996421166306,946.85,240.4834,4256.096,6155.582,6201.985,2.1928
2024-10-09,1.7369458286027393,939.62,240.473,3955.984,5735.641,5727.38,2.176
2024-10-10,1.7466737480658168,939.25,241.0076,3997.788,5690.882,5654.53,2.1441
2024-10-11,1.735108885199652,944.53,241.2886,3887.167,5470.813,5416.758,2.1392
2024-10-14,1.7787204173703255,942.67,241.4058,3961.342,5608.153,5615.756,2.1368
2024-10-15,1.8449803720671627,940.37,241.4552,3855.995,5472.56,5507.176,2.1254
2024-10-16,1.8666345901198604,939.08,241.483,3831.589,5461.088,5524.255,2.1331
2024-10-17,1.867728138752783,938.37,241.6712,3788.222,5418.988,5505.615,2.1084
2024-10-18,1.8175106205603346,939.35,241.6781,3925.234,5640.02,5749.434,2.1209
2024-10-21,1.8164419812527566,937.17,241.6501,3935.197,5704.225,5860.571,2.1211
2024-10-22,1.7900058516313933,937.41,241.4477,3957.776,5753.85,5888.815,2.1458
2024-10-23,1.7727926857047425,935.9,241.2008,3973.209,5776.383,5903.578,2.1559
2024-10-24,1.794339697306397,932.86,241.2149,3928.833,5726.704,5861.632,2.1661
2024-10-25,1.793249631208053,933.71,241.0994,3956.421,5809.688,5974.909,2.1539
2024-10-28,1.8047494692294717,934.63,240.9662,3964.157,5883.72,6082.088,2.1617
2024-10-29,1.800639697306397,934.43,241.0206,3924.649,5812.529,5983.836,2.1598
2024-10-30,1.8174786647506336,933.88,241.0536,3889.449,5837.934,6019.347,2.1597
2024-10-31,1.8275625214599525,932.69,241.1357,3891.04,5901.29,6116.663,2.1476
2024-11-01,1.8365786647506332,931.21,241.37,3890.02,5831.822,5930.232,2.1406
2024-11-04,1.8362762092670593,931.68,241.5241,3944.762,5928.909,6053.112,2.1275
2024-11-05,1.8236774148340162,931.54,241.6251,4044.573,6111.971,6266.542,2.1106
2024-11-06,1.7931923253142423,931.24,241.6999,4024.283,6125.787,6293.193,2.1234
2024-11-07,1.7804698572255766,931.74,241.8209,4145.695,6239.56,6403.918,2.1115
2024-11-08,1.7429173788250691,932.66,241.9242,4104.047,6222.445,6423.122,2.1067
2024-11-11,1.6898522308496098,937.95,242.0386,4131.131,6330.615,6579.005,2.092
2024-11-12,1.695020525666693,941.11,242.206,4085.743,6263.883,6491.972,2.0729
2024-11-13,1.6866678969998397,940.24,242.2139,4110.89,6259.841,6474.394,2.0876
2024-11-14,1.7059222216498995,937.98,242.2045,4039.619,6078.305,6272.191,2.0808
2024-11-15,1.7078366769578917,936.33,242.2016,3968.831,5924.483,6125.513,2.0948
2024-11-18,1.6610546791756875,934.31,242.0421,3950.381,5833.036,5974.558,2.1117
2024-11-19,1.6990448479277536,932.76,242.0772,3976.891,5936.602,6130.285,2.0947
2024-11-20,1.6939999277011215,932.56,242.0761,3985.773,5992.39,6250.803,2.1025
2024-11-21,1.7204892288533071,932.54,242.2027,3989.298,5985.313,6262.164,2.0843
2024-11-22,1.71085077042174,930.93,242.2957,3865.699,5750.246,6030.488,2.0832
2024-11-25,1.7347440352408658,929.77,242.5756,3848.091,5735.649,6052.129,2.0682
2024-11-26,1.7271273763804917,928.67,242.7179,3840.185,5690.479,5981.57,2.0657
2024-11-27,1.732946666988728,927.9,242.8243,3907.045,5804.937,6118.664,2.0553
2024-11-28,1.7608992428686543,927.99,243.0247,3872.551,5757.597,6086.085,2.0304
2024-11-29,1.7694776223618496,928.8,243.2787,3916.583,5851.939,6189.128,2.0206
2024-12-02,1.8054174798004186,930.13,243.9188,3947.632,5943.625,6313.608,1.981
2024-12-03,1.7808298673289538,930.72,243.9357,3951.891,5932.121,6303.276,1.9886
2024-12-04,1.8160979771997425,930.05,244.2556,3930.557,5879.27,6204.945,1.9612
2024-12-05,1.8323113719884359,928.06,244.3774,3921.588,5901.986,6285.601,1.9462
2024-12-06,1.8270405017679203,927.43,244.3837,3973.141,5979.197,6349.621,1.9539
2024-12-09,1.8662685538313102,927.09,244.5781,3966.571,5947.109,6303.272,1.9168
2024-12-10,1.8286959459417227,934.58,245.4042,3995.637,5992.094,6362.02,1.8468
2024-12-11,1.800218753194765,946.59,245.4908,3988.831,6047.105,6447.374,1.8218
2024-12-12,1.8224707359789583,951.64,245.6788,4028.505,6100.395,6490.146,1.8172
2024-12-13,1.8449187531947653,951.43,246.2605,3933.181,5988.292,6354.988,1.7771
2024-12-16,1.7564733592548787,957.99,246.8313,3911.842,5912.601,6277.516,1.7215
2024-12-17,1.768989748645238,956.02,246.6822,3922.033,5848.163,6143.944,1.7237
2024-12-18,1.7632008081986834,950.5,246.4016,3941.89,5888.616,6195.868,1.7564
2024-12-19,1.79111450698303,947.55,246.2609,3945.464,5901.916,6207.186,1.7417
2024-12-20,1.7947832048156955,950.79,246.7805,3927.744,5917.175,6271.753,1.7018
2024-12-23,1.7515662069876685,953.63,246.97,3933.572,5818.551,6096.381,1.7019
2024-12-24,1.771429031358885,953.88,246.7311,3983.688,5895.26,6164.361,1.7166
2024-12-25,1.7817848728034094,955.74,246.5563,3985.629,5840.289,6094.687,1.7365
2024-12-26,1.8018804842781388,956.7,246.5927,3987.48,5887.061,6160.452,1.7122
2024-12-27,1.8029038193030682,963.74,247.0266,3981.031,5899.167,6171.565,1.6929
2024-12-30,1.8041699210644335,968.61,247.0003,3999.055,5898.884,6145.928,1.7128
2024-12-31,1.8541694099467407,967.88,247.3856,3934.911,5725.732,5957.717,1.6752
2025-01-02,1.8143687762019056,974.71,248.1749,3820.395,5545.817,5797.089,1.6077
2025-01-03,1.7429885398022338,987.73,248.4887,3775.165,5427.804,5625.209,1.6041
2025-01-06,1.7421754473460123,991.55,248.5695,3768.97,5427.101,5608.034,1.5966
2025-01-07,1.7726740945945947,982.46,248.3541,3796.106,5484.685,5692.041,1.6093
2025-01-08,1.7404266650540694,992.39,248.2841,3789.215,5461.586,5661.779,1.6069
2025-01-09,1.6819573960640475,1002.21,247.9393,3779.877,5456.586,5672.78,1.6368
2025-01-10,1.6753871996061331,1005.81,247.9659,3732.481,5369.281,5544.916,1.6338
2025-01-13,1.662837958342159,1000.85,247.7841,3722.513,5381.697,5559.473,1.6592
2025-01-14,1.7108431325060618,991.52,247.9577,3820.54,5572.272,5811.055,1.6446
2025-01-15,1.7117091493566503,999.96,248.1345,3796.026,5522.459,5775.571,1.633
2025-01-16,1.6962982349521443,997.97,248.0289,3800.384,5545.634,5801.305,1.6394
2025-01-17,1.6745073835470843,997.68,247.936,3812.343,5587.294,5841.572,1.6593
2025-01-20,1.6386819439436617,1000.68,247.8225,3829.676,5614.331,5879.15,1.6747
2025-01-21,1.663315336149838,1001.97,247.9727,3832.615,5633.925,5908.023,1.6496
2025-01-22,1.621978137704918,1013.89,248.0487,3797.017,5607.059,5855.739,1.6602
2025-01-23,1.5888552485133454,1017.81,247.935,3803.744,5584.255,5829.033,1.6645
2025-01-24,1.5865399506479183,1020.29,247.8299,3832.864,5649.95,5938.13,1.6565
2025-01-27,1.568171207449701,1027.97,248.2817,3817.08,5589.343,5846.069,1.6299
2025-02-05,1.555994592127473,1031.55,248.5657,3795.085,5614.387,5881.437,1.6207
2025-02-06,1.5350240354005855,1031.67,248.8408,3842.831,5747.901,6041.834,1.5958
2025-02-07,1.538914572191799,1032.82,248.8917,3892.703,5833.988,6134.055,1.6032
2025-02-10,1.4716171235065014,1046.68,248.6948,3901.062,5888.551,6210.547,1.6342
2025-02-11,1.4495749266889018,1062.7,248.7094,3883.135,5858.281,6190.174,1.6274
2025-02-12,1.4425702258254334,1053.61,248.7172,3919.862,5940.53,6284.611,1.6336
2025-02-13,1.5339651292342915,1041.33,248.6964,3905.14,5898.261,6212.497,1.6346
2025-02-14,1.5300503048598888,1051.11,248.4563,3939.009,5947.796,6248.835,1.6546
2025-02-17,1.5029331252717386,1057.7,248.0932,3947.398,5948.72,6281.566,1.6934
2025-02-18,1.5248763559333653,1055.34,247.8361,3912.783,5840.711,6142.138,1.7006
2025-02-19,1.542005885029287,1054.56,247.885,3940.16,5943.882,6288.529,1.6626
2025-02-20,1.484845961328572,1059.07,247.6218,3928.896,5957.547,6334.414,1.685
2025-02-21,1.458840862374164,1064.08,247.2048,3978.444,6057.065,6449.228,1.72
2025-02-24,1.4355712074497007,1053.44,246.6123,3969.717,6044.973,6464.024,1.7625
2025-02-25,1.5278811391406626,1045.88,246.5698,3925.651,5979.965,6435.428,1.7275
2025-02-26,1.49949211870331,1045.59,246.6186,3959.941,6051.74,6524.406,1.7251
2025-02-27,1.4805296355127318,1039.5,246.3232,3968.116,6028.986,6499.53,1.7576
2025-02-28,1.5433375444282844,1033.17,246.4052,3890.049,5859.871,6270.419,1.7152
2025-03-03,1.52909211870331,1043.99,246.6484,3888.474,5885.77,6273.67,1.6955
2025-03-04,1.4871308029335868,1052.26,246.6817,3885.221,5937.63,6357.628,1.7079
2025-03-05,1.5033057067576792,1051.19,246.7264,3902.571,5950.703,6398.237,1.7083
2025-03-06,1.5107823450757836,1047.07,246.4386,3956.237,6047.773,6534.971,1.7455
2025-03-07,1.4717070656467315,1045.48,245.7714,3944.014,6013.775,6507.765,1.8002
2025-03-10,1.455243592692922,1048.33,245.6059,3928.802,6013.619,6520.973,1.8128
2025-03-11,1.3996279902255109,1044.77,244.9148,3941.416,6044.974,6551.734,1.8853
2025-03-12,1.462573632504378,1043.2,245.1676,3927.232,6040.497,6566.968,1.8334
2025-03-13,1.4309527392397987,1044.04,245.2177,3911.579,5993.967,6466.851,1.8565
2025-03-14,1.4645045400028023,1046.78,245.2441,4006.557,6099.981,6571.171,1.8317
2025-03-17,1.4137199622986565,1046.51,244.5957,3996.788,6108.018,6589.566,1.8957
2025-03-18,1.3973456319575384,1049.78,244.6388,4007.723,6133.302,6611.926,1.8885
2025-03-19,1.3666611989265807,1055.78,244.7108,4010.168,6101.437,6564.677,1.8708
2025-03-20,1.3804864994880897,1058.79,245.2251,3974.992,6059.486,6535.062,1.8309
2025-03-21,1.3834397806451613,1057.99,245.261,3914.696,5971.93,6405.611,1.8458
2025-03-24,1.387939780645161,1058.08,245.28,3934.849,5969.079,6360.341,1.8413
2025-03-25,1.3963777537578568,1061.71,245.5721,3932.295,5946.951,6310.764,1.8183
2025-03-26,1.4113975951488726,1060.35,245.7362,3919.357,5948.499,6334.908,1.7943
2025-03-27,1.370494592127473,1064.9,245.8014,3932.412,5957.602,6328.767,1.8062
2025-03-28,1.323650073590188,1071.37,245.7908,3915.166,5916.031,6268.321,1.8126
2025-03-31,1.3093279342277486,1066.55,245.8689,3887.306,5857.772,6226.649,1.8129
2025-04-01,1.3142136558236,1062.53,245.9645,3887.684,5892.85,6259.484,1.8104
2025-04-02,1.3035097548881924,1069.8,246.316,3884.386,5899.087,6277.253,1.7887
2025-04-03,1.3060965296075218,1078.09,247.3556,3861.503,5845.505,6203.257,1.718
2025-04-07,1.3505489998958116,1068.27,248.4444,3589.441,5287.033,5496.443,1.6318
2025-04-08,1.332940718166117,1063.33,247.9932,3650.759,5326.914,5530.019,1.6633
2025-04-09,1.379218598602731,1058.12,248.0648,3686.794,5439.772,5652.33,1.6508
2025-04-10,1.3925302107050022,1061.93,247.9954,3735.115,5544.065,5784.585,1.6444
2025-04-11,1.375947332838904,1065.39,248.0614,3750.517,5581.318,5862.188,1.6568
2025-04-14,1.3563009690363348,1068.26,248.0335,3759.142,5627.138,5938.526,1.6584
2025-04-15,1.3276266365201064,1071.26,248.0677,3761.235,5602.534,5914.029,1.6583
2025-04-16,1.3367101650965492,1075.37,248.1892,3772.82,5556.864,5835.348,1.643
2025-04-17,1.294686879188758,1079.15,248.0888,3772.222,5557.011,5839.564,1.6522
2025-04-18,1.323447502440544,1074.34,248.0651,3772.523,5560.721,5831.687,1.6493
2025-04-21,1.3168814696195932,1070.97,247.9896,3784.881,5642.381,5952.637,1.6664
2025-04-22,1.330051387763603,1067.0,248.0912,3783.952,5624.209,5949.312,1.6509
2025-04-23,1.337494772784412,1063.91,247.9549,3786.882,5634.949,5984.583,1.6611
2025-04-24,1.3440480980453977,1061.31,247.9748,3784.357,5605.88,5920.478,1.664
2025-04-25,1.37826466383566,1058.94,248.0269,3786.994,5627.18,5939.502,1.6606
2025-04-28,1.4134804793025992,1051.79,248.2304,3781.619,5598.295,5877.057,1.6483
2025-04-29,1.4239870728356934,1054.24,248.5259,3775.077,5604.906,5903.381,1.6241
2025-04-30,1.404275961593398,1057.92,248.6667,3770.571,5631.825,5950.117,1.6243
2025-05-06,1.3879202784249647,1061.14,248.8212,3808.542,5740.334,6102.922,1.6298
2025-05-07,1.3626172869063238,1063.09,248.7203,3831.627,5750.291,6111.495,1.6418
2025-05-08,1.3654947727844124,1061.69,248.9213,3852.896,5773.806,6158.077,1.6331
2025-05-09,1.3494256700031282,1062.05,249.0211,3846.157,5721.723,6082.082,1.6351
2025-05-12,1.2852106674629962,1068.45,248.5538,3890.61,5793.674,6167.461,1.688
2025-05-13,1.2925009109822998,1068.33,248.6735,3896.258,5781.668,6151.01,1.6704
2025-05-14,1.2793670089235054,1073.24,248.6535,3943.211,5799.119,6160.37,1.6736
2025-05-15,1.2705798908472479,1072.36,248.6329,3907.199,5715.297,6057.036,1.6798
2025-05-16,1.2591166402504748,1076.78,248.5312,3889.085,5715.849,6068.117,1.6793
2025-05-19,1.2214774762050031,1078.24,248.6968,3877.145,5720.795,6095.337,1.6893
2025-05-20,1.1852883614093452,1083.95,248.7535,3898.171,5747.367,6146.017,1.7004
2025-05-21,1.1596326517293234,1093.11,248.7275,3916.381,5757.923,6132.181,1.71
2025-05-22,1.1553543876506025,1090.95,248.7617,3913.865,5703.28,6066.103,1.7186
2025-05-23,1.1582128942418908,1089.72,248.7439,3882.274,5653.044,5989.675,1.7208
2025-05-26,1.1455107419161077,1091.23,248.8438,3860.107,5669.461,6028.786,1.7201
2025-05-27,1.1443959587845967,1088.25,248.7985,3839.397,5652.145,6008.46,1.7261
2025-05-28,1.1910429662616728,1089.46,248.7373,3836.237,5637.238,5984.456,1.6832
2025-05-29,1.1921818553247148,1089.65,248.5111,3858.7,5719.91,6089.578,1.6877
2025-05-30,1.1974261162499373,1090.07,248.7387,3840.232,5671.072,6026.56,1.6712
2025-06-03,1.1971216283692214,1090.76,248.7939,3852.013,5694.839,6070.037,1.6764
2025-06-04,1.1985136257579554,1096.1,248.8378,3868.743,5739.006,6123.172,1.6704
2025-06-05,1.1820749851327081,1107.35,248.8954,3877.556,5769.968,6167.015,1.6741
2025-06-06,1.2119151620850228,1107.26,249.0647,3873.984,5762.078,6152.845,1.6547
2025-06-09,1.2397133428759295,1104.73,249.2131,3885.246,5805.654,6218.964,1.6559
2025-06-10,1.2238513411160872,1107.06,249.2657,3865.465,5757.992,6161.692,1.6569
2025-06-11,1.236433878123586,1108.9,249.434,3894.625,5792.946,6186.512,1.642
2025-06-12,1.221988817703373,1110.21,249.4936,3892.199,5799.932,6192.22,1.6475
2025-06-13,1.2053515529564005,1114.86,249.5149,3864.182,5740.24,6106.008,1.644
2025-06-16,1.1971041973605876,1117.87,249.6022,3873.795,5767.808,6147.46,1.6432
2025-06-17,1.1843120320260148,1116.07,249.7375,3870.379,5750.912,6141.468,1.6364
2025-06-18,1.1328833479523672,1120.36,249.839,3874.971,5745.871,6135.386,1.6384
2025-06-19,1.127308476559098,1120.61,250.0205,3843.091,5676.832,6048.224,1.6425
2025-06-20,1.1097238919464056,1124.63,250.1407,3846.644,5639.513,5999.591,1.6396
2025-06-23,1.0895535974236639,1124.56,250.2085,3857.902,5674.17,6078.222,1.6418
2025-06-24,1.0976319314181573,1114.41,250.0782,3904.034,5765.837,6194.666,1.648
2025-06-25,1.0955842156787396,1114.93,249.9611,3960.066,5862.553,6276.163,1.6544
2025-06-26,1.1195940674428713,1112.43,249.9584,3946.02,5838.245,6247.791,1.6462
2025-06-27,1.135586754227405,1109.13,250.0246,3921.758,5863.728,6276.937,1.6462
2025-06-30,1.1347515913706816,1105.45,249.9816,3936.079,5915.388,6356.181,1.6469
2025-07-01,1.1606952687466328,1104.73,250.0994,3942.762,5934.67,6373.768,1.6433
2025-07-02,1.1211258235038821,1115.84,250.3231,3943.685,5892.951,6309.484,1.6396
2025-07-03,1.1242925815986478,1116.94,250.3733,3968.068,5922.66,6342.638,1.6407
2025-07-04,1.1247674693936756,1116.42,250.4386,3982.203,5911.435,6312.197,1.6433
2025-07-07,1.1357904656644033,1116.15,250.5194,3965.175,5900.406,6327.139,1.6406
2025-07-08,1.166478941523052,1108.93,250.4416,3998.453,5977.744,6407.698,1.6444
2025-07-09,1.1808452374888954,1105.35,250.438,3991.401,5953.487,6390.466,1.6446
2025-07-10,1.1652403812956744,1105.67,250.2951,4010.024,5983.051,6406.568,1.6616
2025-07-11,1.1710640211058263,1103.87,250.2308,4014.807,6027.079,6461.1,1.6653
2025-07-14,1.1783123749813256,1101.69,250.1435,4017.668,6020.859,6462.305,1.6726
2025-07-15,1.1571124306981773,1104.37,250.3725,4019.064,6018.758,6442.834,1.6557
2025-07-16,1.147661635194818,1106.48,250.4191,4007.202,6017.195,6462.063,1.6617
2025-07-17,1.1505036073324157,1105.25,250.4546,4034.491,6082.464,6535.671,1.663
2025-07-18,1.1707425076534403,1104.55,250.4357,4058.549,6099.61,6552.074,1.6652
2025-07-21,1.1715261707887534,1099.51,250.2788,4085.607,6161.309,6612.259,1.6774
2025-07-22,1.195570300075624,1093.95,250.1364,4118.958,6213.407,6637.104,1.6907
2025-07-23,1.1991492216643842,1086.8,249.917,4119.769,6196.758,6607.22,1.7041
2025-07-24,1.185811704131134,1087.29,249.5087,4149.037,6293.598,6701.12,1.7376
2025-07-25,1.2028528405455292,1087.36,249.4687,4127.163,6299.591,6706.61,1.7324
2025-07-28,1.207468773070641,1091.88,249.7164,4135.824,6323.42,6729.979,1.7146
2025-07-29,1.1892549436923077,1089.58,249.2942,4152.025,6356.133,6773.884,1.7466
2025-07-30,1.2073536740929995,1092.92,249.4779,4151.238,6314.687,6718.482,1.718
2025-07-31,1.140844838825108,1102.15,249.7924,4075.591,6226.343,6661.186,1.7044
2025-08-01,1.1266749048537925,1100.9,249.8316,4054.929,6213.201,6670.472,1.7059
2025-08-04,1.1450279207535887,1096.92,249.9229,4070.702,6261.731,6739.694,1.7083
2025-08-05,1.1610894326638954,1093.95,249.9153,4103.45,6303.236,6787.481,1.7061
2025-08-06,1.1586994608278824,1094.3,249.9578,4113.485,6357.377,6861.309,1.6999
2025-08-07,1.1347907849637413,1097.1,250.0304,4114.666,6337.543,6862.15,1.6894
2025-08-08,1.1426342534500669,1097.31,250.031,4104.967,6323.5,6838.13,1.6891
2025-08-11,1.1370154023757237,1093.62,249.7662,4122.511,6391.76,6943.937,1.7203
2025-08-12,1.1400894326638948,1093.26,249.5233,4143.825,6418.16,6963.611,1.7271
2025-08-13,1.1606524735010841,1091.29,249.4927,4176.578,6508.098,7064.334,1.7262
2025-08-14,1.170327548171072,1087.28,249.3701,4173.313,6429.846,6976.488,1.7341
2025-08-15,1.184244926896693,1080.91,249.2119,4202.353,6568.57,7117.501,1.7465
2025-08-18,1.211237720735348,1062.52,248.5117,4239.413,6668.173,7237.602,1.7872
2025-08-19,1.2765611100340861,1054.03,248.5578,4223.374,6655.311,7242.849,1.7725
2025-08-20,1.2664116827476037,1058.6,248.4594,4271.396,6728.069,7305.461,1.782
2025-08-21,1.2787926801787424,1060.24,248.4877,4288.071,6704.166,7253.343,1.7667
2025-08-22,1.2536809863202547,1062.06,248.4504,4377.998,6822.847,7362.94,1.7818
2025-08-25,1.2641157533855265,1064.31,248.6572,4469.222,6951.896,7477.728,1.7643
2025-08-26,1.2200652613991252,1077.04,248.8134,4452.591,6964.065,7476.467,1.7598
2025-08-27,1.1832383061777272,1077.87,248.869,4386.127,6862.562,7336.504,1.7988
2025-08-28,1.142181271321878,1076.41,248.6466,4463.782,7011.16,7447.11,1.8478
2025-08-29,1.1530185205579644,1073.33,248.6863,4496.759,7043.942,7438.677,1.8379
2025-09-01,1.1703839126020519,1070.31,248.7892,4523.711,7110.288,7501.148,1.8257
2025-09-02,1.1700055197203671,1075.59,248.8639,4490.453,6961.689,7313.882,1.8167
2025-09-03,1.1768193847832866,1078.54,249.0709,4459.83,6868.462,7206.876,1.7984
2025-09-04,1.1181583104505057,1083.09,249.1687,4365.209,6698.447,7041.154,1.806
2025-09-05,1.1461301735022325,1078.42,248.9249,4460.325,6913.953,7245.667,1.826
2025-09-08,1.1437434237731505,1073.21,248.6742,4467.573,6992.117,7311.034,1.8514
2025-09-09,1.1310434237731501,1073.82,248.4786,4436.258,6928.965,7226.028,1.8641
2025-09-10,1.10553266162809,1070.84,248.119,4445.365,6932.109,7230.168,1.8992
2025-09-11,1.1419893257112748,1069.66,248.0649,4548.035,7122.705,7399.885,1.8743
2025-09-12,1.1297112333542714,1070.04,248.1574,4521.998,7147.749,7422.884,1.867
2025-09-15,1.1119700882030965,1071.9,248.2438,4533.056,7137.363,7415.571,1.8724
2025-09-16,1.1380622715494724,1069.74,248.3025,4523.337,7190.993,7483.628,1.8527
2025-09-17,1.163066663280268,1071.32,248.4636,4551.023,7260.035,7554.813,1.8349
2025-09-18,1.1427388168586388,1071.2,248.3817,4498.109,7199.883,7476.402,1.8546
2025-09-19,1.1113936224601724,1071.34,248.1638,4501.92,7170.349,7438.189,1.8789
2025-09-22,1.1356234317907867,1068.64,248.2138,4522.608,7225.128,7489.478,1.8647
2025-09-23,1.1570331444167683,1067.96,247.9953,4519.778,7180.714,7408.069,1.877
2025-09-24,1.14021756932561,1066.29,247.6596,4566.071,7323.709,7534.222,1.9022
2025-09-25,1.1683124014715291,1063.61,247.5325,4593.488,7341.324,7506.512,1.884
2025-09-26,1.1807289148686175,1064.42,247.5708,4550.049,7240.911,7397.589,1.8768
2025-09-29,1.181015616398714,1061.91,247.5304,4620.053,7350.56,7497.831,1.887
2025-09-30,1.2062008464752516,1061.47,247.6558,4640.694,7412.368,7574.963,1.8605
2025-10-09,1.2273460589561853,1059.6,247.9217,4709.482,7548.923,7648.052,1.8466
2025-10-10,1.2218512085097262,1058.71,247.8878,4616.834,7398.224,7533.82,1.846
2025-10-13,1.2267589678766462,1058.72,248.1409,4593.979,7376.564,7519.764,1.8383
2025-10-14,1.229572330048206,1055.45,248.1169,4539.064,7194.851,7373.152,1.8368
2025-10-15,1.2444730182936703,1051.93,248.0958,4606.288,7294.001,7483.449,1.8449
2025-10-16,1.2674584994842282,1047.78,248.2126,4618.422,7231.534,7401.838,1.8407
2025-10-17,1.3162992923684644,1043.46,248.4884,4514.235,7016.066,7185.478,1.8246
2025-10-20,1.3417024753038242,1036.81,248.3997,4538.22,7069.641,7239.185,1.8498
2025-10-21,1.369202390527907,1031.66,248.4623,4607.872,7185.624,7344.047,1.8357
2025-10-22,1.3736300325612627,1031.79,248.509,4592.57,7128.478,7312.21,1.8293
2025-10-23,1.3894794835325965,1036.34,248.4973,4606.345,7142.954,7308.099,1.8391
2025-10-24,1.3486060427789563,1045.13,248.4227,4660.684,7258.534,7419.235,1.8486
2025-10-27,1.3654756150613547,1040.52,248.4941,4716.019,7379.394,7495.383,1.8423
2025-10-28,1.340674973903448,1049.4,248.8559,4691.973,7341.03,7479.221,1.8179
2025-10-29,1.3292589524595575,1051.95,248.9108,4747.838,7480.967,7569.117,1.8208
2025-10-30,1.3316163411984197,1051.41,249.0177,4709.911,7385.711,7485.085,1.8098
2025-10-31,1.3593457652504544,1045.73,249.2522,4640.668,7331.003,7506.675,1.7954
2025-11-03,1.3725619628256902,1039.1,249.3293,4653.403,7333.601,7538.118,1.7944
2025-11-04,1.386887453513604,1033.05,249.3373,4618.699,7210.825,7435.731,1.7984
2025-11-05,1.3926135584893045,1035.9,249.4282,4627.257,7229.341,7464.863,1.7964
2025-11-06,1.376705894906763,1035.2,249.307,4693.403,7345.723,7551.83,1.81
2025-11-07,1.3545148614601203,1041.51,249.2562,4678.794,7327.911,7541.878,1.8142
2025-11-10,1.319263933997373,1046.59,249.313,4695.051,7343.802,7563.254,1.8139
2025-11-11,1.2960897612377853,1046.8,249.355,4652.166,7291.608,7540.791,1.8119
2025-11-12,1.3159795593257324,1047.79,249.4414,4645.908,7243.248,7486.377,1.8071
2025-11-13,1.3063959903023699,1047.32,249.4136,4702.074,7355.291,7590.576,1.8126
2025-11-14,1.292134849004395,1050.45,249.4223,4628.14,7235.462,7502.757,1.814
2025-11-17,1.2972584994842282,1051.35,249.5216,4598.053,7235.351,7523.076,1.8109
2025-11-18,1.2975779686040196,1051.18,249.5645,4568.193,7151.018,7448.101,1.8121
2025-11-19,1.3063726152586768,1047.89,249.53,4588.292,7122.747,7387.208,1.8179
2025-11-20,1.3251607128289473,1044.2,249.5442,4564.948,7061.95,7340.412,1.8135
2025-11-21,1.3310342314712995,1041.16,249.507,4453.608,6817.41,7067.703,1.8166
2025-11-24,1.3456116157973341,1036.41,249.5313,4448.048,6868.966,7156.409,1.821
2025-11-25,1.3316148838570714,1040.36,249.423,4490.405,6954.603,7249.947,1.8301
2025-11-26,1.3141185979574934,1043.63,249.1588,4517.626,6965.045,7248.449,1.8462
2025-11-27,1.3167697016115631,1040.5,249.0179,4515.403,6951.284,7257.454,1.8537
2025-11-28,1.3255867796216394,1040.34,249.0448,4526.662,7031.551,7334.21,1.8412
2025-12-01,1.3227290525469166,1037.85,249.0875,4576.486,7101.832,7386.681,1.8366
2025-12-02,1.3439256001559279,1035.28,248.9632,4554.335,7040.301,7313.178,1.8442
2025-12-03,1.32649059526982,1035.82,248.8172,4531.049,6996.355,7248.274,1.8519
2025-12-04,1.3156155894437949,1033.28,248.4512,4546.566,7012.806,7248.657,1.8718
2025-12-05,1.3259852193823807,1031.5,248.5129,4584.537,7097.839,7342.492,1.848
2025-12-08,1.3376297176088716,1027.84,248.4924,4621.755,7172.367,7423.046,1.8499
2025-12-09,1.3556267022186035,1025.11,248.6337,4598.223,7121.326,7380.584,1.8425
2025-12-10,1.3209943897918064,1029.56,248.718,4591.827,7155.994,7408.244,1.8447
2025-12-11,1.3261450399032646,1027.8,248.9067,4552.185,7082.893,7311.995,1.8404
2025-12-12,1.3258817986703377,1028.5,248.8331,4580.95,7169.791,7370.942,1.8396
2025-12-15,1.3445601696362035,1021.85,248.6379,4552.06,7113.962,7309.078,1.8488
2025-12-16,1.418306927532926,1017.95,248.6199,4497.555,7001.319,7181.62,1.8458
2025-12-17,1.449012467140727,1013.19,248.8087,4579.875,7137.834,7288.738,1.834
2025-12-18,1.4511821450223907,1007.38,248.8624,4552.793,7100.836,7272.402,1.8356
2025-12-19,1.4686738863466082,999.19,248.9704,4568.178,7169.551,7329.806,1.8308
2025-12-22,1.471147344173128,992.05,248.949,4611.624,7255.661,7408.349,1.8415
2025-12-23,1.4891813600836188,983.81,249.0944,4620.734,7256.786,7392.42,1.8352
2025-12-24,1.3979030444507203,1006.71,249.182,4634.059,7352.04,7506.381,1.8356
2025-12-25,1.3500583158070623,1016.67,249.2199,4642.536,7410.712,7579.379,1.8386
2025-12-26,1.3631811361959076,1014.8,249.3072,4657.24,7458.839,7605.53,1.8376
2025-12-29,1.3536951243898332,1010.54,249.0278,4639.372,7430.615,7594.158,1.8584
2025-12-30,1.3576842490731378,1009.52,249.0027,4651.282,7458.936,7597.299,1.8582
2025-12-31,1.3675007301212934,1009.84,248.9888,4629.94,7465.574,7595.285,1.8473
2026-01-05,1.3443508476643358,1015.85,248.914,4717.746,7651.198,7753.88,1.8584
2026-01-06,1.3078909598706943,1023.3,248.7172,4790.694,7814.136,7864.903,1.8829
2026-01-07,1.2849832889111557,1029.23,248.5693,4776.666,7875.082,7906.42,1.9019
2026-01-08,1.3099232671064396,1030.64,248.6852,4737.654,7894.545,7971.589,1.8905
2026-01-09,1.33714239831508,1028.93,248.7749,4758.922,8056.686,8129.183,1.8782
2026-01-12,1.3528743984966622,1028.82,248.9204,4789.916,8249.128,8357.011,1.8585
2026-01-13,1.3596545496465833,1027.77,249.0091,4761.032,8143.28,8203.133,1.8519
2026-01-14,1.3621545496465837,1027.74,249.0487,4741.931,8227.697,8257.172,1.8494
2026-01-15,1.3537351304006722,1025.22,249.1477,4751.429,8223.268,8240.775,1.8544
2026-01-16,1.3555204224109034,1025.26,249.2233,4731.873,8232.674,8232.729,1.8424
2026-01-19,1.3657818162579778,1024.52,249.3002,4734.456,8287.947,8265.646,1.8393
2026-01-20,1.3449085420436255,1030.01,249.4701,4718.878,8247.805,8182.752,1.8326
2026-01-21,1.3278978590663282,1034.68,249.6807,4723.069,8340.113,8247.68,1.8312
2026-01-22,1.303231710643442,1043.35,249.7393,4723.709,8387.595,8309.346,1.8425
2026-01-23,1.2978863746722027,1047.51,249.8696,4702.497,8590.166,8470.744,1.8298
2026-01-26,1.3172163411984195,1044.93,249.9548,4706.964,8506.693,8365.435,1.8242
2026-01-27,1.3046381498603277,1045.72,249.8923,4705.692,8548.932,8382.153,1.8311
2026-01-28,1.305317182070996,1046.18,249.954,4717.991,8601.164,8399.794,1.8164
2026-01-29,1.2857043092850562,1056.78,249.9927,4753.87,8517.843,8332.207,1.8174
2026-01-30,1.3062674037246786,1052.42,249.9672,4706.34,8370.52,8254.86,1.8112
2026-02-02,1.3259045720408833,1043.27,250.005,4605.98,8037.046,7975.428,1.82
2026-02-03,1.3200847107628233,1044.66,249.9519,4660.107,8286.701,8209.101,1.8172
2026-02-04,1.3104382135359722,1045.7,249.9382,4698.683,8299.057,8207.12,1.8193
2026-02-05,1.3271041409193256,1043.65,249.9985,4670.419,8146.107,8068.077,1.8169
2026-02-06,1.345415224451549,1042.83,250.1665,4643.596,8146.413,8051.574,1.8102
2026-02-09,1.350664148135874,1040.72,250.2999,4719.056,8311.283,8233.778,1.8114
2026-02-10,1.3406589524595576,1044.1,250.3335,4724.296,8306.445,8250.3,1.8094
2026-02-11,1.335994676707377,1044.98,250.4003,4713.819,8325.811,8239.513,1.7994
2026-02-12,1.3521163411984198,1045.91,250.4725,4719.578,8423.57,8314.832,1.7893
2026-02-13,1.3395068010067297,1047.08,250.501,4660.406,8299.585,8204.829,1.7928
2026-02-24,1.3481056461589258,1043.88,250.6901,4707.544,8392.91,8299.771,1.8023
2026-02-25,1.3406851630368857,1044.36,250.5954,4735.886,8527.559,8426.331,1.8158
2026-02-26,1.348179545061043,1040.7,250.3714,4726.874,8557.216,8490.617,1.8288
2026-02-27,1.4150508476643355,1035.78,250.3934,4710.647,8658.45,8560.843,1.7877
2026-03-02,1.4421343809095506,1031.23,250.5901,4728.669,8658.334,8476.965,1.7761
2026-03-03,1.425997552344144,1033.55,250.6265,4655.896,8281.614,8142.454,1.7807
2026-03-04,1.4239811361959078,1031.63,250.6822,4602.625,8248.945,8094.518,1.7768
2026-03-05,1.4356375471232108,1030.77,250.7282,4647.692,8309.171,8171.119,1.7779
2026-03-06,1.460008344769022,1027.62,250.743,4660.439,8360.335,8248.857,1.781
2026-03-09,1.4486880692320812,1023.06,250.4836,4615.455,8279.481,8203.869,1.8054
2026-03-10,1.4227153717153491,1027.11,250.498,4674.756,8410.303,8350.09,1.8055
2026-03-11,1.4362628988611252,1026.36,250.4605,4704.496,8403.33,8363.526,1.8075
2026-03-12,1.4548177325892604,1021.94,250.5151,4687.56,8359.472,8335.908,1.8052
2026-03-13,1.4522280955152342,1023.15,250.5097,4669.14,8239.798,8214.293,1.8143
2026-03-16,1.4650443230078305,1018.19,250.3653,4671.559,8185.152,8211.352,1.8312
2026-03-17,1.466363329608295,1020.3,250.4103,4637.439,8016.026,8019.857,1.8314
2026-03-18,1.4546291382030179,1023.57,250.5296,4658.332,8096.428,8096.595,1.8175
2026-03-19,1.4413280955152346,1023.62,250.5583,4583.251,7877.09,7909.234,1.8252
2026-03-20,1.4332766645006838,1021.78,250.5566,4567.018,7760.037,7783.435,1.8299
2026-03-23,1.4521657107949988,1012.04,250.5674,4417.997,7440.745,7409.107,1.8316
2026-03-24,1.4528029449982809,1013.78,250.6598,4474.722,7597.373,7600.857,1.8272
2026-03-25,1.4646147370778777,1014.64,250.7166,4537.466,7767.665,7751.181,1.8233
2026-03-26,1.4622951219260534,1012.85,250.7956,4477.534,7642.13,7639.376,1.8194
2026-03-27,1.4652477611375494,1013.34,250.8172,4502.57,7737.614,7746.313,1.8172
2026-03-30,1.4823702321920955,1012.57,250.9934,4491.95,7753.723,7767.93,1.8063
2026-03-31,1.4947807938215898,1010.36,251.0425,4450.049,7617.326,7619.85,1.8171
2026-04-01,1.488247344173128,1010.72,250.9995,4526.067,7750.092,7764.153,1.8244
2026-04-02,1.495201216519926,1010.8,251.0044,4478.914,7605.293,7623.417,1.8209
2026-04-03,1.4657503329889807,1013.29,251.1034,4440.789,7534.938,7536.6,1.8199
2026-04-07,1.4614002520902531,1016.44,251.286,4440.616,7571.111,7606.017,1.8171
2026-04-08,1.444191578102771,1022.67,251.4234,4595.556,7945.153,7955.768,1.8136
2026-04-09,1.45686131055794,1020.09,251.4601,4566.224,7898.633,7921.447,1.8192
2026-04-10,1.4687070160495241,1019.81,251.5899,4636.566,7969.365,7998.232,1.8128
2026-04-13,1.4921617734289814,1018.07,251.7813,4646.155,7967.697,8025.572,1.7933
2026-04-14,1.4546259515919244,1021.91,251.8815,4701.284,8088.569,8144.762,1.7829
2026-04-15,1.447315371715349,1022.13,251.9361,4685.246,8044.077,8106.165,1.7809
2026-04-16,1.4039102371202852,1029.05,251.9588,4736.608,8180.082,8232.983,1.7812
2026-04-17,1.4152085420436251,1029.57,252.153,4728.672,8214.194,8307.436,1.7623
2026-04-20,1.4201082171568356,1030.36,252.2752,4757.442,8290.022,8357.814,1.7627
2026-04-21,1.4470990672029496,1028.61,252.4223,4767.997,8270.327,8351.156,1.751
2026-04-22,1.4478058949067634,1029.34,252.5806,4799.627,8376.181,8481.24,1.7389
2026-04-23,1.4520771791395921,1026.0,252.4851,4786.327,8295.207,8362.74,1.7548
2026-04-24,1.4704835676316235,1024.58,252.3637,4769.369,8247.876,8304.141,1.7601
2026-04-27,1.520482264482759,1018.46,252.219,4770.947,8299.049,8338.726,1.7697
2026-04-28,1.5283789196248778,1016.06,252.2723,4758.208,8203.961,8226.692,1.7654
2026-04-29,1.5659487569099109,1013.74,252.39,4810.347,8342.422,8343.065,1.7444
2026-04-30,1.5819144337055124,1011.08,252.3296,4807.307,8349.508,8381.947,1.7473
2026-05-06,1.5858363988760753,1009.53,252.208,4877.093,8588.44,8574.556,1.7654
2026-05-07,1.5844132383346976,1010.37,252.2378,4900.51,8696.799,8714.51,1.7631
2026-05-08,1.5507250710604041,1011.66,252.3057,4871.912,8694.171,8741.151,1.7648
2026-05-11,1.5604448869413816,1009.02,252.4269,4951.837,8839.742,8866.779,1.7622
2026-05-12,1.5595925450434782,1007.61,252.5495,4948.047,8785.979,8821.887,1.7592
2026-05-13,1.6014065242752562,1002.11,252.6534,4998.342,8918.239,8955.447,1.7514
2026-05-14,1.623521363700815,994.7,252.6571,4914.597,8670.157,8778.709,1.7588
2026-05-15,1.632180258903134,989.93,252.6635,4859.593,8536.344,8682.654,1.7658
2026-05-18,1.621026056788666,991.24,252.7727,4833.524,8554.237,8720.213,1.7585
2026-05-19,1.5568172014487753,1014.7,252.9595,4852.883,8627.946,8808.645,1.7345
2026-05-20,1.5572853443472254,1011.11,253.0055,4850.7,8656.306,8808.91,1.7382
2026-05-21,1.5624889313691508,1004.67,253.0173,4783.098,8419.837,8510.496,1.7448
2026-05-22,1.5580659691258094,1004.41,253.0157,4845.096,8576.94,8692.666,1.7519
2026-05-25,1.5819764631762654,1002.65,253.1057,4921.597,8703.89,8799.312,1.7484
2026-05-26,1.6201792722042854,997.89,253.231,4947.849,8658.619,8687.253,1.7405
2026-05-27,1.672150157211453,989.62,253.3944,4908.171,8530.98,8546.514,1.7216
2026-05-28,1.7129045205035967,981.93,253.5471,4914.213,8563.222,8637.743,1.7193
2026-05-29,1.696053910783322,989.83,253.6392,4892.121,8359.56,8408.736,1.709
2026-06-01,1.6562319651674193,999.89,253.8235,4844.256,8274.212,8345.129,1.7009
2026-06-02,1.660436396873898,998.56,253.8692,4914.559,8321.435,8384.781,1.7036
2026-06-03,1.654402176332196,999.71,253.8554,4938.809,8362.156,8432.679,1.7128
2026-06-04,1.6519875338654773,1000.72,253.9202,4904.745,8356.744,8420.095,1.7081
2026-06-05,1.6256392215337854,1002.77,253.8869,4816.92,8251.141,8340.963,1.7207
2026-06-08,1.61688435576586,999.72,253.8191,4713.636,7963.453,8081.261,1.7275
2026-06-09,1.6272272835312098,994.08,253.7004,4801.811,8176.179,8318.698,1.7376
2026-06-10,1.6542165905282546,987.03,253.5447,4748.593,8063.864,8198.723,1.7476
2026-06-11,1.6691371092146092,980.61,253.3793,4722.412,8035.779,8159.455,1.7475
2026-06-12,1.6595209188803706,983.81,253.3939,4777.321,8106.203,8202.799,1.7427
2026-06-15,1.6657277179960683,982.54,253.4574,4891.713,8406.748,8521.233,1.7446
2026-06-16,1.6795537160736635,981.28,253.5678,4884.232,8507.98,8646.403,1.7324
2026-06-17,1.680485947384084,980.82,253.6844,4931.386,8627.086,8704.468,1.727
2026-06-18,1.732611878674247,968.09,253.7562,4941.599,8673.09,8771.024,1.7299
2026-06-22,1.7894326886397238,948.37,253.8277,5059.658,8868.782,8865.676,1.7375
2026-06-23,1.7878015361174506,941.69,253.7672,4919.386,8688.592,8680.039,1.7437
2026-06-24,1.8011971628051047,928.96,253.7449,4943.02,8842.938,8793.487,1.7454
2026-06-25,1.728459283804223,950.66,253.8703,5020.104,8938.011,8825.92,1.7351
2026-06-26,1.7397193477232764,944.9,253.93,4868.221,8703.565,8601.408,1.7314
2026-06-29,1.677152570225885,958.81,254.0974,4926.921,8821.094,8597.893,1.717
2026-06-30,1.610798341335202,970.51,254.0324,4979.433,9031.379,8809.786,1.733
2026-07-01,1.6117414752579737,972.88,253.8618,4958.977,9028.933,8876.63,1.7448
2026-07-02,1.6549646103926918,969.22,253.8789,4812.296,8694.176,8625.334,1.741
2026-07-03,1.6033677433737055,982.33,253.8765,4842.174,8745.261,8620.789,1.7463
2026-07-06,1.600438760394192,984.38,254.01,4841.998,8651.134,8472.603,1.7379
2026-07-07,1.6155479307069998,979.95,254.0566,4792.262,8508.789,8301.804,1.7406
2026-07-08,1.6446208723555138,972.79,254.1373,4755.534,8390.019,8117.861,1.7385
2026-07-09,1.6294041405634296,973.83,254.2044,4876.313,8652.787,8300.077,1.7376
2026-07-10,1.6147746749091758,980.69,254.2322,4780.787,8503.971,8198.308,1.7398
2026-07-13,1.6399207898563575,977.23,254.2539,4695.383,8138.144,7787.853,1.7442
2026-07-14,1.6289838160310735,974.73,254.2747,4796.502,8275.939,7925.123,1.7402
2026-07-15,1.6459230051464069,970.28,254.3389,4786.783,8147.579,7817.831,1.7406
2026-07-16,1.6308459122900087,975.1,254.336,4698.434,7955.664,7631.762,1.7437
2026-07-17,1.646724091941782,970.03,254.3825,4529.095,7513.763,7167.996,1.7404
2026-07-20,1.664824577197998,964.16,254.3937,4598.321,7411.313,6965.376,1.7453
2026-07-21,1.6596489088314006,958.53,254.4283,4739.229,7800.609,7259.863,1.745
2026-07-22,1.6932698895067264,949.59,254.6252,4717.244,7751.662,7158.762,1.7297
2026-07-23,1.7005277885584074,948.35,254.7146,4728.002,7734.31,7195.5,1.7325
2026-07-24,1.7116348496064409,949.2,254.7853,4649.192,7532.701,6995.693,1.7282
2026-07-27,1.7071685780742878,944.13,254.8725,4702.427,7720.598,7228.785,1.7337
2026-07-28,1.689712838119167,940.31,254.8929,4569.524,7443.433,7026.276,1.7351
2026-07-29,1.6774277179960684,941.83,254.9022,4600.262,7524.508,7095.186,1.7329
2026-07-30,1.670131268991651,943.17,255.0367,4549.72,7309.575,6900.658,1.7196
2026-07-31,1.635763744997074,953.74,255.1519,4588.197,7493.985,7075.507,1.7141
