date,spread_9REITs,spread_B,yield_10y,d_spread,d_B,regime
2022-12-09,0.9252095951111479,-30.556167818135,2.8903,,,上行
2022-12-12,0.9479778590642789,-30.682957412617,2.8902,0.02276826395313103,-0.1267895944820019,上行
2022-12-13,0.9646354886731389,-32.531537847818,2.8952,0.01665762960885997,-1.8485804352010007,上行
2022-12-14,1.0100938571904685,-30.651885067782,2.8655,0.04545836851732965,1.8796527800360003,上行
2022-12-15,1.0001351009266217,-27.436971414209,2.8829,-0.00995875626384679,3.2149136535729994,上行
2022-12-16,1.008487691419003,-26.595890635655998,2.8856,0.008352590492381351,0.8410807785530032,上行
2022-12-19,1.0554922893007581,-23.913325912066,2.8632,0.04700459788175504,2.682564723589998,上行
2022-12-20,1.1123091657955615,-30.529778859451,2.8732,0.05681687649480338,-6.616452947385,上行
2022-12-21,1.1743477336918804,-38.580317985443,2.8606,0.0620385678963189,-8.050539125992003,上行
2022-12-22,1.1888522641542203,-37.843598754761004,2.8503,0.014504530462339904,0.7367192306819987,上行
2022-12-23,1.172740779888268,-42.003389593779,2.8251,-0.016111484265952214,-4.159790839017994,下行
2022-12-26,1.1710664547099887,-41.859374775871,2.8378,-0.0016743251782793678,0.1440148179080012,下行
2022-12-27,1.1889441312761504,-41.400786365245,2.8657,0.017877676566161682,0.45858841062599964,下行
2022-12-28,1.278483727498669,-38.207177330534996,2.8503,0.0895395962225185,3.1936090347100006,下行
2022-12-29,1.3555738460290274,-35.678074867193,2.8376,0.07709011853035852,2.5291024633419994,下行
2022-12-30,1.376859510459114,-37.798765173431,2.8353,0.021285664430086504,-2.1206903062380036,下行
2023-01-03,1.4224201765081685,-39.756945090177,2.8228,0.04556066604905462,-1.9581799167459977,下行
2023-01-04,1.4415169537477148,-41.86866830598,2.8103,0.01909677723954628,-2.1117232158030035,下行
2023-01-05,1.428034264762428,-42.343911478976004,2.8304,-0.013482688985286817,-0.47524317299600227,下行
2023-01-06,1.3713646306941427,-38.756282584411,2.8328,-0.05666963406828529,3.5876288945650074,下行
2023-01-09,1.3556725583536418,-36.988919949211,2.8428,-0.015692072340500962,1.7673626351999943,下行
2023-01-10,1.343204796132297,-39.460619040867,2.8602,-0.012467762221344714,-2.4716990916559993,下行
2023-01-11,1.3575887807399343,-43.005661623051004,2.8603,0.014383984607637235,-3.545042582184003,下行
2023-01-12,1.339706344546196,-41.74762594887,2.8778,-0.017882436193738194,1.2580356741810022,下行
2023-01-13,1.3353276387978141,-40.615653915282,2.901,-0.00437870574838195,1.1319720335879992,上行
2023-01-16,1.3343397983915188,-39.092985130404,2.9167,-0.0009878404062952928,1.5226687848780003,上行
2023-01-17,1.3649370825536598,-42.000954190569004,2.9017,0.030597284162140914,-2.9079690601650015,上行
2023-01-18,1.3265100359883086,-39.811770889057,2.9222,-0.03842704656535112,2.189183301512003,上行
2023-01-19,1.339261085871056,-40.280248179847,2.9145,0.012751049882747445,-0.46847729078999834,上行
2023-01-20,1.2867020025401432,-40.439376133932996,2.9331,-0.05255908333091286,-0.15912795408599578,上行
2023-01-30,1.274211475873244,-37.943608303139,2.9133,-0.012490526666899315,2.4957678307939943,上行
2023-01-31,1.2215771408076512,-35.384078301648,2.8977,-0.052634335065592674,2.559530001490998,上行
2023-02-01,1.1392494797597283,-30.353034451177002,2.9101,-0.08232766104792288,5.031043850471001,上行
2023-02-02,1.1629526467661695,-28.110794807246002,2.897,0.02370316700644115,2.2422396439310006,上行
2023-02-03,1.166361499257966,-27.23885131251,2.8943,0.0034088524917965657,0.8719434947360014,上行
2023-02-06,1.1610895426674817,-25.580151128353,2.9017,-0.005271956590484406,1.6587001841570022,上行
2023-02-07,1.1774200625328433,-28.974007036445,2.8964,0.016330519865361603,-3.393855908092,上行
2023-02-08,1.1783047905020594,-29.209608306851,2.8973,0.0008847279692161258,-0.23560127040600065,上行
2023-02-09,1.177275244817633,-32.694490907797,2.8912,-0.0010295456844264805,-3.4848826009459977,上行
2023-02-10,1.1628444334381554,-31.605569117866,2.9003,-0.014430811379477548,1.0889217899309962,上行
2023-02-13,1.1448522641542203,-32.792234572142,2.8943,-0.0179921692839351,-1.1866654542759996,上行
2023-02-14,1.1016360952871491,-30.047173060568998,2.8914,-0.043216168867071136,2.7450615115730024,上行
2023-02-15,1.0988380811599177,-29.174015707397,2.8918,-0.002798014127231463,0.8731573531719974,上行
2023-02-16,1.1237021294554244,-31.387089957395,2.8907,0.024864048295506702,-2.213074249997998,上行
2023-02-17,1.109968293383808,-28.809157698586,2.892,-0.013733836071616379,2.5779322588089997,上行
2023-02-20,1.0880695259169968,-28.470506247215,2.917,-0.021898767466811186,0.3386514513709997,上行
2023-02-21,1.0767802142427625,-28.551783900546,2.919,-0.011289311674234304,-0.08127765333100001,上行
2023-02-22,1.0841240084308328,-28.763697069011,2.9175,0.007343794188070296,-0.2119131684649993,上行
2023-02-23,1.0899783917543557,-28.632271338489,2.922,0.005854383323522949,0.1314257305219968,上行
2023-02-24,1.1314686379760042,-29.654993457289,2.9126,0.04149024622164843,-1.0227221187999973,上行
2023-02-27,1.1425907237862807,-28.326411106315,2.9117,0.011122085810276516,1.3285823509739991,上行
2023-02-28,1.1582526467661691,-30.22568467331,2.9017,0.015661922979888443,-1.8992735669949994,上行
2023-03-01,1.1647347138864628,-30.170103451914,2.8977,0.006482067120293644,0.0555812213960003,上行
2023-03-02,1.1499160183342063,-30.557974435139,2.9111,-0.014818695552256456,-0.3878709832249996,上行
2023-03-03,1.1644523278831862,-31.35665513211,2.9026,0.014536309548979887,-0.798680696971001,上行
2023-03-06,1.1969367018067003,-35.882828602909,2.8826,0.03248437392351411,-4.526173470799002,上行
2023-03-07,1.2238224988110968,-38.896935951895,2.8726,0.026885797004396528,-3.014107348986002,上行
2023-03-08,1.223748730820164,-46.319476365874,2.8828,-7.376799093283815e-05,-7.422540413979,上行
2023-03-09,1.2309862176906778,-43.627291258163005,2.8752,0.007237486870513843,2.6921851077109977,上行
2023-03-10,1.2398646034574001,-45.218312997503,2.8627,0.008878385766722285,-1.5910217393399932,上行
2023-03-13,1.2207182474934035,-42.348053212870994,2.8703,-0.01914635596399661,2.8702597846320046,上行
2023-03-14,1.2283384558655284,-39.845040767951,2.8652,0.007620208372124848,2.503012444919996,上行
2023-03-15,1.2370027933680214,-39.860113319195,2.8652,0.008664337502493069,-0.015072551244003307,上行
2023-03-16,1.2578849300557076,-38.243007910812004,2.8552,0.020882136687686126,1.6171054083829972,上行
2023-03-17,1.253976320007076,-42.035663232891004,2.8602,-0.003908610048631633,-3.792655322079,上行
2023-03-20,1.2783837274986685,-42.652561151031,2.8504,0.024407407491592537,-0.6168979181399976,上行
2023-03-21,1.2812505630843203,-42.255445605581,2.8604,0.002866835585651817,0.3971155454499993,上行
2023-03-22,1.2954140601785717,-43.404694000393,2.8577,0.014163497094251465,-1.1492483948119983,上行
2023-03-23,1.2875432795286132,-43.160731925117005,2.8652,-0.007870780649958498,0.243962075275995,上行
2023-03-24,1.2881113797909407,-45.304217388677,2.8676,0.0005681002623274534,-2.1434854635599976,上行
2023-03-27,1.2946794160049953,-45.664966037438006,2.8551,0.006568036214054551,-0.3607486487610032,上行
2023-03-28,1.3086683504028649,-45.873902014371,2.8556,0.013988934397869635,-0.2089359769329917,上行
2023-03-29,1.3331808364683644,-45.725584061759,2.8532,0.024512486065499495,0.14831795261199687,上行
2023-03-30,1.3275884914018183,-49.835946553191,2.8603,-0.005592345066546045,-4.110362491431999,上行
2023-03-31,1.2966092305084747,-47.345692527493995,2.8528,-0.030979260893343685,2.4902540256970056,上行
2023-04-03,1.2897496675588864,-45.714780574517,2.8604,-0.006859562949588227,1.6309119529769944,上行
2023-04-04,1.2928608187416333,-43.738014756845,2.8584,0.003111151182746852,1.9767658176720033,上行
2023-04-06,1.3277655748244195,-48.328445888661996,2.8605,0.034904756082786204,-4.590431131816999,上行
2023-04-07,1.3268350147137986,-46.692294025643996,2.8464,-0.0009305601106208705,1.636151863018,上行
2023-04-10,1.3389977936308024,-46.060684710263,2.8455,0.012162778917003791,0.6316093153809987,上行
2023-04-11,1.3751430841526109,-46.748480071773,2.8203,0.03614529052180848,-0.6877953615100054,下行
2023-04-12,1.395978112459254,-48.75311296936599,2.8158,0.02083502830664319,-2.004632897592991,下行
2023-04-13,1.3997722779242026,-44.089511284188,2.8277,0.0037941654649484846,4.663601685177994,下行
2023-04-14,1.404758082992083,-42.792989863266996,2.8281,0.004985805067880378,1.2965214209210032,下行
2023-04-17,1.3617247400108483,-42.271024090545005,2.8432,-0.043033342981234624,0.5219657727219911,下行
2023-04-18,1.346583423823212,-39.930016102322,2.8319,-0.015141316187636367,2.341007988223005,下行
2023-04-19,1.365172558353642,-42.802929845940994,2.8333,0.018589134530430096,-2.8729137436189944,下行
2023-04-20,1.3728654194773482,-41.623167733802,2.8332,0.007692861123706152,1.1797621121389952,下行
2023-04-21,1.3894131829632985,-41.239437599123,2.8258,0.01654776348595033,0.3837301346789985,下行
2023-04-24,1.3812515502798337,-44.640659436653,2.8176,-0.008161632683464815,-3.4012218375300023,下行
2023-04-25,1.385426939486994,-43.755444320504004,2.8157,0.004175389207160318,0.8852151161489985,下行
2023-04-26,1.4491284187705817,-50.59995174867699,2.8058,0.06370147928358771,-6.844507428172989,下行
2023-04-27,1.5022806409807354,-52.987117606236,2.7852,0.0531522222101537,-2.3871658575590047,下行
2023-04-28,1.5265385296186595,-51.732306881225,2.7788,0.024257888637924108,1.2548107250109979,下行
2023-05-04,1.5911728617947036,-52.297365357004004,2.7613,0.06463433217604408,-0.5650584757790043,下行
2023-05-05,1.6656020121063084,-55.696311785523,2.7338,0.0744291503116048,-3.3989464285189968,下行
2023-05-08,1.6925850557571125,-58.560820957214,2.7484,0.02698304365080406,-2.8645091716909974,下行
2023-05-09,1.6640166263486655,-55.452592200603,2.7383,-0.02856842940844695,3.1082287566109983,下行
2023-05-10,1.5843385296186598,-54.798918793121004,2.721,-0.0796780967300057,0.6536734074819961,下行
2023-05-11,1.586875873340708,-56.875479162013995,2.701,0.0025373437220481687,-2.0765603688929914,下行
2023-05-12,1.5868243516057585,-54.292572878719,2.7058,-5.152173494948897e-05,2.582906283294996,下行
2023-05-15,1.6115909574527516,-51.01157919891,2.719,0.024766605846993084,3.2809936798090007,下行
2023-05-16,1.6156759793411501,-53.435630190286,2.7129,0.004085021888398543,-2.4240509913759993,下行
2023-05-17,1.6023458010967555,-52.314138528378,2.721,-0.013330178244394641,1.1214916619079958,下行
2023-05-18,1.6218890243538304,-52.113869313488,2.7184,0.019543223257074915,0.2002692148899996,下行
2023-05-19,1.649215769750422,-54.949565948200004,2.7151,0.027326745396591523,-2.8356966347120007,下行
2023-05-22,1.6646708210823529,-54.683998435892,2.7132,0.015455051331930925,0.265567512308003,下行
2023-05-23,1.6936525362400903,-55.886383411326,2.6962,0.028981715157737398,-1.2023849754340006,下行
2023-05-24,1.709057563229295,-55.371903230918,2.7037,0.015405026989204762,0.5144801804080004,下行
2023-05-25,1.7306723241438515,-57.826663435811,2.7065,0.021614760914556497,-2.454760204892999,下行
2023-05-26,1.728130209831676,-60.24877273362301,2.7205,-0.0025421143121755474,-2.422109297812007,下行
2023-05-29,1.7519290128107075,-57.639359266811006,2.695,0.023798802979031475,2.6094134668120006,下行
2023-05-30,1.7730144700451962,-55.93470476566,2.7,0.021085457234488736,1.7046545011510048,下行
2023-05-31,1.8367145400991542,-51.31072192741,2.685,0.06370007005395806,4.623982838250001,下行
2023-06-01,1.8809138599038553,-51.172595878238994,2.6825,0.04419931980470104,0.13812604917100657,下行
2023-06-02,1.8701053659829228,-51.181246686212,2.6951,-0.010808493920932527,-0.008650807973005215,下行
2023-06-05,1.9710131415680767,-52.795947547821996,2.6926,0.10090777558515396,-1.6147008616099967,下行
2023-06-06,2.0234782551598545,-53.872260031547,2.6826,0.052465113591777746,-1.0763124837250047,下行
2023-06-07,1.9912225757636652,-58.296951150179,2.6827,-0.03225567939618923,-4.424691118631998,下行
2023-06-08,1.8960359718503936,-57.806834382437,2.6822,-0.0951866039132716,0.49011676774199486,下行
2023-06-09,1.9007374876179242,-59.585667240649,2.6703,0.004701515767530529,-1.7788328582119988,下行
2023-06-12,1.9227546829268292,-58.675760741728,2.6704,0.022017195308905002,0.9099064989210035,下行
2023-06-13,1.9868409249826577,-64.142758824596,2.6227,0.06408624205582858,-5.4669980828680025,下行
2023-06-14,1.9981449711223578,-62.935606063766,2.6178,0.011304046139700041,1.2071527608299988,下行
2023-06-15,1.9572334132673264,-60.576184928631996,2.6482,-0.04091155785503142,2.3594211351340064,下行
2023-06-16,1.9233092451937297,-59.309711692017,2.6626,-0.03392416807359666,1.266473236614999,下行
2023-06-19,1.9114584807197943,-56.218684825155,2.6876,-0.011850764473935405,3.091026866861995,下行
2023-06-20,1.9230492164887307,-56.32916014912001,2.6751,0.011590735768936433,-0.11047532396500515,下行
2023-06-21,1.9303230515280383,-56.637069403638996,2.6701,0.0072738350393075635,-0.30790925451898943,下行
2023-06-26,1.9735769381361006,-58.882917486909,2.6677,0.043253886608062286,-2.2458480832700047,下行
2023-06-27,1.9501779682319067,-58.287201008973,2.6676,-0.023398969904193878,0.5957164779360014,下行
2023-06-28,1.952677968231907,-64.806323236746,2.6651,0.002500000000000391,-6.519122227772996,下行
2023-06-29,1.9702262248062015,-69.18165828692,2.6526,0.017548256574294374,-4.375335050174002,下行
2023-06-30,1.993706595084088,-66.777309662277,2.6351,0.02348037027788652,2.404348624642992,下行
2023-07-03,2.012218231046209,-63.233139527155,2.6402,0.01851163596212113,3.544170135122009,下行
2023-07-04,2.0121755233420155,-65.193137561369,2.6477,-4.270770419356751e-05,-1.9599980342140029,下行
2023-07-05,2.050691233763614,-59.391523440537,2.6402,0.03851571042159829,5.801614120831999,下行
2023-07-06,1.983166836331114,-63.114790627512,2.6392,-0.06752439743249994,-3.7232671869750007,下行
2023-07-07,1.9030558775151396,-61.714043784457004,2.6403,-0.0801109588159743,1.4007468430549963,下行
2023-07-10,1.9110578741682975,-59.643203203728,2.6403,0.008001996653157928,2.070840580729005,下行
2023-07-11,1.9191773792225595,-58.476850048321,2.6353,0.008119505054261955,1.166353155407002,下行
2023-07-12,1.9332374876179248,-58.89859705707401,2.6378,0.014060108395365312,-0.42174700875300886,下行
2023-07-13,1.8985084593011907,-60.781008891311,2.6413,-0.03472902831673408,-1.88241183423699,下行
2023-07-14,1.8637292376429537,-61.371275597168,2.6444,-0.03477922165823699,-0.5902667058570046,下行
2023-07-17,1.8135069620204727,-61.929594507820994,2.6364,-0.05022227562248105,-0.5583189106529929,下行
2023-07-18,1.7388692932570569,-62.969357984595995,2.6234,-0.07463766876341582,-1.0397634767750006,下行
2023-07-19,1.7882020366084976,-64.73700471817,2.6233,0.04933274335144078,-1.7676467335740043,下行
2023-07-20,1.8153490913773374,-62.912694221947,2.6214,0.027147054768839718,1.8243104962229992,下行
2023-07-21,1.7815382819665944,-62.967389658938,2.6079,-0.03381080941074299,-0.05469543699100399,下行
2023-07-24,1.7733740775441231,-65.02269411767,2.5934,-0.008164204422471233,-2.055304458731996,下行
2023-07-25,1.6696078124068559,-61.970791766559,2.663,-0.10376626513726728,3.0519023511109964,下行
2023-07-26,1.669923270653686,-60.089084947174996,2.643,0.0003154582468301026,1.8817068193840072,下行
2023-07-27,1.6923008450363197,-61.048192360413005,2.6395,0.02237757438263377,-0.9591074132380086,下行
2023-07-28,1.6532343462642345,-60.42475199368,2.6533,-0.039066498772085234,0.6234403667330071,下行
2023-07-31,1.6088947943470677,-57.048824967996005,2.6597,-0.044339551917166764,3.3759270256839926,下行
2023-08-01,1.6386693940290231,-61.848411993244,2.6607,0.029774599681955394,-4.799587025247995,下行
2023-08-02,1.6480618966346157,-61.412325391402,2.6525,0.009392502605592545,0.43608660184199977,下行
2023-08-03,1.6686236186149996,-63.796151800411,2.6435,0.020561721980383973,-2.3838264090090036,下行
2023-08-04,1.66482390378198,-60.731604146962006,2.6469,-0.003799714833019552,3.0645476534489973,下行
2023-08-07,1.6587400716335035,-60.60864126836,2.6462,-0.006083832148476631,0.12296287860200295,下行
2023-08-08,1.6444531286544315,-59.94825500442499,2.6454,-0.01428694297907196,0.6603862639350098,下行
2023-08-09,1.6342788970276985,-57.057721172743996,2.6461,-0.010174231626733032,2.8905338316809974,下行
2023-08-10,1.6160084760769935,-53.76504422487,2.6475,-0.01827042095070497,3.292676947873993,下行
2023-08-11,1.6297114940820263,-54.748954162726,2.6381,0.013703018005032819,-0.9839099378559979,下行
2023-08-14,1.6493543035255234,-55.920760616867,2.6212,0.019642809443497056,-1.1718064541409987,下行
2023-08-15,1.6805858596266474,-56.194506812039,2.5759,0.031231556101124047,-0.27374619517200216,下行
2023-08-16,1.6989993009441746,-56.409647394122,2.5649,0.0184134413175272,-0.21514058208299502,下行
2023-08-17,1.6984457556635788,-57.12639415641,2.5678,-0.000553545280595813,-0.7167467622880039,下行
2023-08-18,1.6724276387978143,-59.724335623805,2.5639,-0.026018116865764496,-2.597941467394996,下行
2023-08-21,1.7006625705689282,-62.68576400412,2.5403,0.028234931771113914,-2.961428380315006,下行
2023-08-22,1.7581234647991835,-54.206470606933,2.5564,0.057460894230255244,8.479293397187,下行
2023-08-23,1.7770909574527511,-54.74121162824,2.5535,0.018967492653567675,-0.5347410213069992,下行
2023-08-24,1.7304160532424466,-58.048586729511,2.5543,-0.04667490421030451,-3.307375101270999,下行
2023-08-25,1.7089975597056122,-54.690876218228,2.5702,-0.02141849353683445,3.3577105112830026,下行
2023-08-28,1.6829370825536598,-52.183691874462,2.5837,-0.026060477151952366,2.5071843437659993,下行
2023-08-29,1.7198531286544314,-50.254226275574,2.57,0.03691604610077159,1.929465598888001,下行
2023-08-30,1.735399157262905,-51.207898678801,2.56,0.01554602860847365,-0.953672403227003,下行
2023-08-31,1.7506298021672686,-50.464053931663,2.5575,0.015230644904363544,0.7438447471379988,下行
2023-09-01,1.7419653464186047,-48.645374082089,2.585,-0.008664455748663924,1.8186798495740035,下行
2023-09-04,1.7323485030823833,-53.13433929066699,2.6124,-0.00961684333622137,-4.488965208577994,下行
2023-09-05,1.7395101548399177,-53.620579224743,2.615,0.00716165175753436,-0.4862399340760035,下行
2023-09-06,1.7109039893428064,-52.793944581757,2.6375,-0.028606165497111258,0.8266346429859937,上行
2023-09-07,1.6972042911427776,-57.223288778854005,2.635,-0.01369969820002881,-4.429344197097002,上行
2023-09-08,1.6914788249418333,-53.490200654062996,2.6375,-0.005725466200944274,3.73308812479101,上行
2023-09-11,1.6833232079005935,-54.65782757883,2.63,-0.008155617041239793,-1.1676269247670064,上行
2023-09-12,1.6859279735062525,-52.423118718067,2.623,0.002604765605658921,2.234708860763,上行
2023-09-13,1.6995234647991837,-52.975225904942,2.615,0.01359549129293125,-0.5521071868749985,上行
2023-09-14,1.7086248468033776,-53.192098176,2.6075,0.009101382004193859,-0.21687227105800133,上行
2023-09-15,1.6905909574527507,-54.947418316268,2.64,-0.018033889350626886,-1.7553201402679974,上行
2023-09-18,1.6959663154255815,-55.171942192569006,2.65,0.005375357972830841,-0.22452387630100645,上行
2023-09-19,1.6814370072842735,-54.689009718394004,2.6625,-0.01452930814130804,0.4829324741750014,上行
2023-09-20,1.6752890243538303,-53.986794400442,2.665,-0.006147982930443163,0.7022153179520032,上行
2023-09-21,1.6818791933949062,-53.045804924138004,2.6576,0.0065901690410758995,0.9409894763039972,上行
2023-09-22,1.6854876535034238,-57.706381209768,2.6776,0.003608460108517564,-4.660576285629993,上行
2023-09-25,1.662216053425813,-57.053285060865,2.6976,-0.023271600077610755,0.6530961489029963,上行
2023-09-26,1.6663512399437412,-55.398274439903,2.6951,0.004135186517928213,1.6550106209620026,上行
2023-09-27,1.6704820925700365,-55.372448687292994,2.6877,0.004130852626295312,0.02582575261000386,上行
2023-09-28,1.6765584782486669,-54.278963475848,2.6751,0.006076385678630336,1.0934852114449924,上行
2023-10-09,1.6896160534258131,-56.011621801115,2.6702,0.01305757517714623,-1.7326583252669963,上行
2023-10-10,1.6811692932570574,-56.970413664905,2.6811,-0.008446760168755674,-0.9587918637900046,上行
2023-10-11,1.6695840647826494,-56.803905401071,2.6976,-0.011585228474408016,0.16650826383400386,上行
2023-10-12,1.6687160534258123,-56.428602411382,2.6911,-0.0008680113568371173,0.375302989688997,上行
2023-10-13,1.702320913141568,-58.15648912936,2.6702,0.033604859715755664,-1.727886717977995,上行
2023-10-16,1.728369666950838,-59.99633034724,2.6777,0.026048753809269964,-1.83984121788,上行
2023-10-17,1.7655416194944462,-58.131374416119,2.6882,0.03717195254360828,1.8649559311209956,上行
2023-10-18,1.7929024537278797,-56.456177503063,2.7052,0.027360834233433495,1.6751969130559985,上行
2023-10-19,1.81017671313151,-56.00321781756001,2.7177,0.017274259403630365,0.4529596855029965,上行
2023-10-20,1.8893157520742785,-56.070642494115006,2.7052,0.07913903894276841,-0.06742467655499951,上行
2023-10-23,1.9393572557907348,-55.453412621382,2.7047,0.050041503716456326,0.6172298727330059,上行
2023-10-24,1.850195264067564,-53.170210982842995,2.7177,-0.08916199172317074,2.283201638539005,上行
2023-10-25,1.8178335933488912,-49.431306327906995,2.7052,-0.03236167071867291,3.7389046549360003,上行
2023-10-26,1.8206242295465627,-48.157973013508006,2.7152,0.0027906361976715033,1.2733333143989896,上行
2023-10-27,1.8242941346210126,-48.395659932657004,2.7133,0.003669905074449975,-0.23768691914899875,上行
2023-10-30,1.8430546462231803,-48.000410187248995,2.7141,0.01876051160216763,0.39524974540800883,上行
2023-10-31,1.8718534623085987,-47.266556170992,2.6938,0.028798816085418455,0.7338540162569984,上行
2023-11-01,1.911031766205534,-45.209106672175004,2.6853,0.03917830389693533,2.057449498816993,上行
2023-11-02,1.956983339018344,-45.661895389586,2.6553,0.04595157281280993,-0.45278871741099636,上行
2023-11-03,1.9564779682319071,-48.081768727666,2.6613,-0.0005053707864368651,-2.419873338080002,上行
2023-11-06,1.9386619727407404,-51.08346817790999,2.6554,-0.017815995491166747,-3.00169945024399,上行
2023-11-07,1.9263291044893935,-51.650580889819004,2.6632,-0.012332868251346829,-0.5671127119090116,上行
2023-11-08,1.8916368267317076,-52.597846813228,2.6464,-0.03469227775768591,-0.9472659234089988,上行
2023-11-09,1.8469632164330592,-53.315661855653005,2.6494,-0.04467361029864847,-0.717815042425002,上行
2023-11-10,1.88127400992411,-50.244677307879996,2.6444,0.03431079349105093,3.0709845477730084,上行
2023-11-13,1.9001758305482264,-48.308986888915,2.6454,0.018901820624116272,1.9356904189649953,上行
2023-11-14,1.8807368267317068,-44.971595908693004,2.6573,-0.01943900381651953,3.337390980221997,上行
2023-11-15,1.8867222511982784,-43.999076363639,2.6633,0.005985424466571576,0.9725195450540056,上行
2023-11-16,1.9031412402234638,-43.777353055997,2.6558,0.01641898902518535,0.22172330764200154,上行
2023-11-17,1.8994032560915937,-42.824170374466,2.6524,-0.003737984131870098,0.953182681530997,上行
2023-11-20,1.8920673717472118,-41.465011345566,2.6584,-0.007335884344381816,1.3591590289000024,上行
2023-11-21,1.8918821052941177,-38.967344758564,2.6684,-0.00018526645309413503,2.4976665870019943,上行
2023-11-22,1.8963866299832661,-34.40945745642,2.6823,0.004504524689148415,4.557887302144003,上行
2023-11-23,1.9131869491962692,-26.357020181006003,2.7023,0.016800319213003068,8.052437275413997,上行
2023-11-24,1.9331999475468695,-18.862271374938,2.7053,0.02001299835060033,7.494748806068003,上行
2023-11-27,2.0230568567066967,-18.801574425093,2.7108,0.08985690915982714,0.06069694984499918,上行
2023-11-28,2.034441059719683,-15.653880749983,2.6898,0.011384203012986482,3.147693675110002,上行
2023-11-29,2.0306310744756306,-20.422373095688,2.6826,-0.003809985244052516,-4.768492345704999,上行
2023-11-30,1.9881438912912905,-29.92058336878,2.668,-0.04248718318434008,-9.498210273092003,上行
2023-12-01,1.9672280256793073,-37.73276870659,2.6625,-0.02091586561198322,-7.81218533781,上行
2023-12-04,1.952164692185325,-28.571273410419,2.6725,-0.015063333493982256,9.161495296171001,上行
2023-12-05,2.0093922695206503,-17.497774414843,2.665,0.05722757733532524,11.073498995576,上行
2023-12-06,2.0094202288877705,-20.327206486881998,2.6725,2.7959367120189427e-05,-2.8294320720389976,上行
2023-12-07,2.051142166649772,-23.868868197266,2.664,0.04172193776200128,-3.541661710384002,上行
2023-12-08,2.0988528999692835,-31.405021077317002,2.6636,0.0477107333195117,-7.536152880051002,上行
2023-12-11,2.1424660911710225,-33.769420143049004,2.644,0.04361319120173901,-2.3643990657320018,上行
2023-12-12,2.150444155841482,-36.100528474246,2.6375,0.007978064670459695,-2.331108331196994,上行
2023-12-13,2.167809626570546,-31.8735314024,2.6226,0.017365470729064025,4.226997071845997,下行
2023-12-14,2.163687930842279,-34.115317580826,2.6376,-0.0041216957282670386,-2.2417861784260005,下行
2023-12-15,2.166723133649094,-39.745866676343994,2.6227,0.0030352028068150183,-5.630549095517992,下行
2023-12-18,2.154733962693451,-40.752953265330994,2.6126,-0.011989170955643225,-1.0070865889870007,下行
2023-12-19,2.1881424011988426,-46.595628200829,2.6191,0.03340843850539166,-5.842674935498003,下行
2023-12-20,2.157871675470147,-52.279316472421,2.6222,-0.030270725728695602,-5.683688271592004,下行
2023-12-21,2.123608702269963,-54.654645558793,2.5901,-0.03426297320018401,-2.3753290863719982,下行
2023-12-22,2.0703089599439215,-55.902035378123,2.5877,-0.05329974232604151,-1.247389819330003,下行
2023-12-25,2.0948781750200482,-50.725254465188,2.5678,0.02456921507612675,5.176780912935001,下行
2023-12-26,2.1133313293642786,-48.747712425227,2.5804,0.018453154344230338,1.9775420399610013,下行
2023-12-27,2.1636639336175394,-44.920858268810996,2.5577,0.050332604253260804,3.8268541564160046,下行
2023-12-28,2.1400135338665587,-41.80508844968001,2.5694,-0.02365039975098071,3.115769819130989,下行
2023-12-29,2.0892209659510734,-47.557302021088994,2.5553,-0.050792567915485254,-5.752213571408987,下行
2024-01-02,2.121820228887771,-51.60219669332,2.5601,0.03259926293669757,-4.04489467223101,下行
2024-01-03,2.134009781741233,-52.791333647384,2.5531,0.012189552853461905,-1.189136954063997,下行
2024-01-04,2.199949233604888,-49.510650048965,2.5368,0.06593945186365513,3.280683598419003,下行
2024-01-05,2.219249233604888,-48.245899255931,2.5175,0.019299999999999873,1.264750793033997,下行
2024-01-08,2.2444684813829787,-44.45053886091,2.5136,0.025219247778090814,3.7953603950209995,下行
2024-01-09,2.3682017401377573,-42.501984998376,2.4862,0.12373325875477859,1.9485538625339984,下行
2024-01-10,2.4846470780931975,-38.058879490001,2.4982,0.11644533795544021,4.443105508375005,下行
2024-01-11,2.535422521268535,-34.66488460484,2.4992,0.050775443175337553,3.393994885161,下行
2024-01-12,2.2255339004209422,-78.335205626275,2.5172,-0.30988862084759283,-43.670321021435,下行
2024-01-15,2.3503394015673558,-46.215979774356,2.5212,0.12480550114641353,32.119225851919,下行
2024-01-16,2.2654275725484987,-43.694341706204,2.5252,-0.08491182901885708,2.5216380681520008,下行
2024-01-17,2.213916436746988,-34.507945864972,2.5077,-0.051511135801510566,9.186395841231999,下行
2024-01-18,2.263354518631279,-35.981017212399,2.5092,0.049438081884290774,-1.4730713474270019,下行
2024-01-19,2.2366050425238253,-32.172303400355,2.5027,-0.026749476107453596,3.8087138120440045,下行
2024-01-22,2.28636369927104,-32.948638201375,2.4922,0.04975865674721458,-0.7763348010199991,下行
2024-01-23,2.2845187024837297,-29.755036324427998,2.5042,-0.0018449967873102047,3.1936018769469996,下行
2024-01-24,2.2819759074737815,-25.274310919689,2.5042,-0.00254279500994814,4.4807254047389975,下行
2024-01-25,2.24339826540409,-25.954180118927,2.4984,-0.03857764206969172,-0.6798691992379986,下行
2024-01-26,2.2287179084650184,-28.811585157395,2.4994,-0.014680356939071437,-2.857405038468002,下行
2024-01-29,2.23318803081159,-28.864132620867,2.494,0.0044701223465715145,-0.05254746347199912,下行
2024-01-30,2.2801811389728095,-30.573966391721,2.4557,0.0469931081612196,-1.7098337708540008,下行
2024-01-31,2.3050594140219465,-28.913650685097,2.433,0.024878275049136978,1.6603157066240009,下行
2024-02-01,2.3070219810588624,-28.208700636489,2.4354,0.0019625670369158854,0.7049500486080014,下行
2024-02-02,2.3164629994740302,-27.131797196788998,2.4244,0.009441018415167868,1.0769034397000006,下行
2024-02-05,2.3701444179677162,-31.586081802118002,2.4002,0.05368141849368602,-4.454284605329004,下行
2024-02-06,2.2924184853589518,-27.483085297438002,2.4525,-0.07772593260876448,4.10299650468,下行
2024-02-07,2.322759414021946,-27.167481287283,2.4153,0.030340928662994315,0.3156040101550026,下行
2024-02-08,2.2484278236173387,-28.140395242862,2.4379,-0.07433159040460735,-0.9729139555789992,下行
2024-02-19,2.089630756132756,-25.390421455679004,2.4344,-0.15879706748458267,2.749973787182995,下行
2024-02-20,2.1308731422989666,-18.641966336375997,2.4134,0.041242386166210565,6.7484551193030065,下行
2024-02-21,2.133518949949571,-18.419806972522,2.4119,0.0026458076506044037,0.22215936385399715,下行
2024-02-22,2.114211979827089,-16.209308371595,2.4033,-0.01930697012248217,2.210498600927,下行
2024-02-23,1.9868647695022512,-29.327616834464,2.4009,-0.12734721032483765,-13.118308462868999,下行
2024-02-26,1.942339660933661,-27.896688815506998,2.3789,-0.044525108568590266,1.430928018957001,下行
2024-02-27,1.9732166730269907,-28.996592754054998,2.3809,0.030877012093329714,-1.0999039385479996,下行
2024-02-28,2.0315545214493453,-31.662563900092,2.3376,0.05833784842235468,-2.665971146037002,下行
2024-02-29,2.0087435188957867,-26.702236100633,2.3375,-0.022811002553558613,4.960327799458998,下行
2024-03-01,1.908892256078757,-25.52619156052,2.3675,-0.09985126281702983,1.1760445401130006,下行
2024-03-04,1.8715934539816277,-20.259768487570998,2.3475,-0.03729880209712921,5.266423072949003,下行
2024-03-05,1.9192958772177187,-22.633307159419,2.3169,0.047702423236090974,-2.373538671848003,下行
2024-03-06,2.0129144649976265,-25.846477209741998,2.265,0.09361858777990784,-3.213170050322997,下行
2024-03-07,2.0351108984449757,-25.477567617191,2.2776,0.02219643344734923,0.36890959255099887,下行
2024-03-08,2.014533920624515,-25.271533886763002,2.2825,-0.02057697782046075,0.2060337304279969,下行
2024-03-11,1.9785051812997505,-25.597427899949,2.305,-0.03602873932476447,-0.325894013185998,下行
2024-03-12,1.9412554227086187,-27.030958373043,2.3476,-0.037249758591131776,-1.4335304730939988,下行
2024-03-13,1.972900729758777,-28.599923461062,2.3326,0.03164530705015833,-1.5689650880190023,下行
2024-03-14,1.957865351979962,-27.822061686770002,2.3425,-0.015035377778815029,0.7778617742919991,下行
2024-03-15,1.9780584265363295,-26.923971899671,2.32,0.02019307455636743,0.8980897870990034,下行
2024-03-18,2.008534877542499,-24.386908571108002,2.2926,0.03047645100616969,2.537063328562997,下行
2024-03-19,2.022574755176323,-25.121318865454,2.2801,0.01403987763382375,-0.7344102943459987,下行
2024-03-20,2.019159077539787,-29.113371463278,2.2951,-0.003415677636535719,-3.9920525978239993,下行
2024-03-21,2.067702500422552,-23.980786558408997,2.2851,0.04854342288276481,5.132584904869002,下行
2024-03-22,2.0968611880837558,-33.639216275912,2.3051,0.029158687661203775,-9.658429717503001,下行
2024-03-25,2.1278159717806533,-37.100082389534,2.3151,0.030954783696897525,-3.4608661136220036,下行
2024-03-26,2.097938504806809,-34.904389428110996,2.3175,-0.029877466973844413,2.1956929614230063,下行
2024-03-27,2.061527033896261,-31.832147329032,2.2876,-0.03641147091054808,3.072242099078995,下行
2024-03-28,2.062587131303348,-32.51361929459,2.3026,0.0010600974070871239,-0.6814719655579999,下行
2024-03-29,2.081173413069835,-33.283588809697,2.2901,0.018586281766487023,-0.7699695151070003,下行
2024-04-01,2.0464425642852833,-33.537453477556,2.3082,-0.03473084878455168,-0.2538646678589984,下行
2024-04-02,2.0629947279975838,-31.229828939633,2.2927,0.016552163712300505,2.307624537923001,下行
2024-04-03,2.0769994570633767,-32.614100125367,2.2837,0.014004729065792976,-1.3842711857340042,下行
2024-04-08,2.0588105485521644,-39.75466513880399,2.2822,-0.018188908511212354,-7.140565013436991,下行
2024-04-09,2.0629022238149735,-37.792291618715,2.2802,0.004091675262809069,1.9623735200889953,下行
2024-04-10,2.059284184509425,-31.925751056366998,2.2972,-0.0036180393055484927,5.866540562348,下行
2024-04-11,2.034923335854039,-25.626174777153,2.2928,-0.024360848655386125,6.299576279213998,下行
2024-04-12,2.0612340938780425,-23.280210145096998,2.2837,0.026310758024003622,2.3459646320560026,下行
2024-04-15,2.084858690272986,-24.247368246574,2.2798,0.02362459639494352,-0.9671581014770005,下行
2024-04-16,2.1024209987259597,-25.190319394364,2.2723,0.017562308452973685,-0.9429511477900014,下行
2024-04-17,2.090689120873815,-24.862903887934003,2.2608,-0.011731877852144468,0.32741550642999684,下行
2024-04-18,2.102521000543708,-26.911132662082004,2.2537,0.011831879669892853,-2.0482287741480008,下行
2024-04-19,2.1009055575552598,-27.371687959196002,2.254,-0.0016154429884482902,-0.46055529711399856,下行
2024-04-22,2.0902055244906546,-23.442443706395,2.2435,-0.010700033064605208,3.929244252801002,下行
2024-04-23,2.0784726732330467,-20.971154672169998,2.226,-0.011732851257607813,2.471289034225002,下行
2024-04-24,2.027665351979962,-24.533764465538002,2.2727,-0.05080732125308485,-3.5626097933680043,下行
2024-04-25,1.9912341700772538,-23.930742986328003,2.2612,-0.03643118190270811,0.6030214792099997,下行
2024-04-26,1.920839074604106,-21.57912874149,2.3084,-0.07039509547314782,2.3516142448380037,下行
2024-04-29,1.8946747303251648,-23.936496546835,2.353,-0.02616434427894121,-2.3573678053449996,上行
2024-04-30,1.9632194179731404,-25.877512609652,2.3028,0.06854468764797561,-1.9410160628170026,上行
2024-05-06,1.9496070277515347,-28.160375105249997,2.3081,-0.013612390221605652,-2.282862495597996,上行
2024-05-07,1.934931385669928,-27.538694634351,2.2896,-0.014675642081606766,0.6216804708989976,上行
2024-05-08,1.9203867061506077,-29.171891692067,2.2955,-0.014544679519320258,-1.633197057716,上行
2024-05-09,1.880347546846794,-31.86323441891,2.3186,-0.04003915930381363,-2.6913427268430006,上行
2024-05-10,1.8928691755306741,-29.239806402487996,2.3122,0.01252162868388007,2.623428016422004,上行
2024-05-13,1.9067481214061226,-30.707365833502,2.29,0.013878945875448467,-1.4675594310140028,上行
2024-05-14,1.890770927460538,-36.01034299936,2.2938,-0.01597719394558461,-5.302977165858,上行
2024-05-15,1.8881636482073334,-36.340394665106004,2.302,-0.0026072792532045863,-0.3300516657460051,上行
2024-05-16,1.8611470130877918,-38.694409782449,2.3147,-0.027016635119541554,-2.354015117342996,上行
2024-05-17,1.8693564920349879,-36.138440988139,2.3077,0.008209478947196036,2.5559687943099973,上行
2024-05-20,1.8738281043347065,-36.738025956221,2.3105,0.004471612299718597,-0.5995849680819987,上行
2024-05-21,1.8763071491166898,-39.621946567049996,2.3141,0.0024790447819833528,-2.8839206108289943,上行
2024-05-22,1.885669739884729,-37.933558546262,2.3123,0.009362590768039247,1.6883880207879969,上行
2024-05-23,1.914028117874283,-33.881733615515,2.3063,0.028358377989553984,4.051824930746996,上行
2024-05-24,1.8799313690393116,-35.361073830006,2.3134,-0.03409674883497149,-1.4793402144909962,上行
2024-05-27,1.8937285677156177,-35.591013836601,2.3084,0.013797198676306133,-0.22994000659500102,上行
2024-05-28,1.9064049706620005,-36.483599759698,2.2994,0.012676402946382836,-0.8925859230970019,上行
2024-05-29,1.9392728784795314,-33.93188269793,2.2776,0.032867907817530906,2.5517170617680023,上行
2024-05-30,1.9481278938042708,-33.032755288499004,2.2826,0.008855015324739313,0.8991274094309958,上行
2024-05-31,1.9208232921584663,-35.563166393156,2.2926,-0.027304601645804505,-2.5304111046569986,上行
2024-06-03,1.9114481214061227,-31.099238742978002,2.2853,-0.009375170752343509,4.463927650178,上行
2024-06-04,1.902087004761904,-34.785608645748,2.2854,-0.009361116644218681,-3.6863699027699965,上行
2024-06-05,1.8921471193287036,-32.536881605142,2.2808,-0.009939885433200457,2.248727040605999,上行
2024-06-06,1.8812310805566783,-30.823383756998,2.2828,-0.010916038772025294,1.7134978481440015,上行
2024-06-07,1.8761673639824639,-29.273175599120002,2.2833,-0.00506371657421445,1.5502081578779965,上行
2024-06-11,1.879647691447027,-30.274369939802,2.2791,0.003480327464563171,-1.001194340681998,上行
2024-06-12,1.8832274454634597,-30.280431662856998,2.276,0.0035797540164326236,-0.0060617230549979695,上行
2024-06-13,1.8633100671440848,-25.467061216892997,2.2678,-0.0199173783193749,4.813370445964001,上行
2024-06-14,1.848971800648944,-23.789612716839,2.2558,-0.014338266495140806,1.6774485000539983,下行
2024-06-17,1.8459758527167103,-22.638791460327997,2.2609,-0.002995947932233678,1.1508212565110014,下行
2024-06-18,1.844306718686065,-25.077248601306,2.2537,-0.0016691340306451696,-2.4384571409780023,下行
2024-06-19,1.8609373582607702,-24.529130581133,2.2429,0.01663063957470512,0.5481180201729998,下行
2024-06-20,1.8612066686784718,-26.515061413082,2.2445,0.0002693104177016181,-1.9859308319490019,下行
2024-06-21,1.826286727561017,-27.197193222376,2.2571,-0.03491994111745478,-0.682131809293999,下行
2024-06-24,1.8272175140904732,-28.915335115742998,2.2451,0.0009307865294561068,-1.7181418933669974,下行
2024-06-25,1.83111741411977,-29.988697146531997,2.235,0.0038999000292967434,-1.0733620307889993,下行
2024-06-26,1.8362935507148486,-28.520538396344,2.2225,0.005176136595078651,1.468158750187996,下行
2024-06-27,1.7652593906766583,-28.722731111286002,2.2081,-0.0710341600381903,-0.20219271494200086,下行
2024-06-28,1.789796288690641,-27.448452616414997,2.2058,0.024536898013982622,1.2742784948710053,下行
2024-07-01,1.7344162517675648,-26.903141630876,2.2486,-0.05538003692307614,0.5453109855389968,下行
2024-07-02,1.6997995808265542,-24.258987346812997,2.2369,-0.03461667094101051,2.644154284063003,下行
2024-07-03,1.6705994476583275,-23.249518904284,2.2426,-0.029200133168226783,1.0094684425289984,下行
2024-07-04,1.6738599816064432,-25.454201672107,2.2502,0.0032605339481157625,-2.2046827678230017,下行
2024-07-05,1.6490871134211387,-26.914437346259,2.2754,-0.024772868185304553,-1.460235674151999,下行
2024-07-08,1.6729135221501592,-24.841927746285,2.2904,0.023826408729020532,2.0725095999740013,下行
2024-07-09,1.705969213320836,-27.302614602667,2.2698,0.03305569117067675,-2.460686856382001,下行
2024-07-10,1.6649252713677545,-28.940923314797,2.2707,-0.041043941953081475,-1.6383087121300015,下行
2024-07-11,1.6790047594618243,-30.343491171112,2.2648,0.01407948809406978,-1.4025678563149988,下行
2024-07-12,1.6613124175776361,-31.202116217931,2.2604,-0.017692341884188112,-0.8586250468190002,下行
2024-07-15,1.587385601299877,-29.104258561088002,2.2541,-0.0739268162777591,2.097857656842997,下行
2024-07-16,1.5805949449624386,-25.498018542529998,2.2613,-0.006790656337438472,3.6062400185580046,下行
2024-07-17,1.589067158900454,-27.059702487587,2.2598,0.008472213938015338,-1.561683945057002,下行
2024-07-18,1.560522816753371,-25.216426898021002,2.2673,-0.028544342147083013,1.843275589565998,下行
2024-07-19,1.5731400809359208,-22.718073027496,2.2614,0.012617264182549937,2.4983538705250012,下行
2024-07-22,1.6122405330408256,-21.300748778611,2.2461,0.03910045210490476,1.4173242488850022,下行
2024-07-23,1.6313086917059574,-18.156599489902,2.2322,0.019068158665131785,3.1441492887089986,下行
2024-07-24,1.6152920922353438,-14.825511228494001,2.2381,-0.016016599470613624,3.3310882614079986,下行
2024-07-25,1.6112260244200245,-12.240228866517999,2.2168,-0.004066067815319263,2.5852823619760024,下行
2024-07-26,1.5793348870630102,-10.774286715739,2.1944,-0.03189113735701432,1.4659421507789983,下行
2024-07-29,1.6369867723637126,-12.450010784765,2.1574,0.05765188530070242,-1.6757240690259998,下行
2024-07-30,1.6190319831783508,-10.906445563848,2.148,-0.017954789185361753,1.5435652209170012,下行
2024-07-31,1.6170416934969964,-11.100934683636,2.1494,-0.0019902896813543958,-0.19448911978800076,下行
2024-08-01,1.642652928171593,-11.045403643081,2.1297,0.025611234674596473,0.05553104055499958,下行
2024-08-02,1.622093355278211,-8.577851298404,2.1277,-0.02055957289338184,2.467552344677001,下行
2024-08-05,1.5686359283511513,-4.729345485649,2.1376,-0.05345742692705979,3.8485058127549996,下行
2024-08-06,1.5573264313544075,-9.03505854901,2.1491,-0.011309496996743773,-4.305713063361,下行
2024-08-07,1.5011806335623359,-10.872125046157,2.1414,-0.05614579779207163,-1.837066497147001,下行
2024-08-08,1.4782167980310565,-12.276628993047,2.181,-0.022963835531279342,-1.4045039468899994,下行
2024-08-09,1.4680595251703448,-15.89363937255,2.1986,-0.010157272860711775,-3.617010379503,下行
2024-08-12,1.432905043269476,-19.662789895089,2.2508,-0.03515448190086867,-3.7691505225389985,上行
2024-08-13,1.466881904961852,-15.802473011778,2.2255,0.033976861692375904,3.8603168833109986,上行
2024-08-14,1.4364373953043126,-14.495732035461,2.1966,-0.03044450965753942,1.3067409763170001,上行
2024-08-15,1.4399742820603547,-17.038559815165,2.205,0.0035368867560421346,-2.5428277797040018,上行
2024-08-16,1.4642042771824688,-14.336439068426,2.1978,0.0242299951221141,2.702120746739002,上行
2024-08-19,1.5117275057365294,-11.380394280512,2.1816,0.04752322855406055,2.9560447879139993,上行
2024-08-20,1.5520754967988435,-16.506595201922,2.171,0.040347991062314126,-5.12620092141,上行
2024-08-21,1.610491027397978,-19.69851775871,2.167,0.05841553059913451,-3.1919225567880005,上行
2024-08-22,1.5669912084517228,-13.093953396122,2.1582,-0.04349981894625521,6.604564362588,上行
2024-08-23,1.5458299303089398,-13.842431911405999,2.1547,-0.021161278142783013,-0.748478515283999,上行
2024-08-26,1.5533681211090498,-13.162952175644,2.1628,0.0075381908001099784,0.6794797357619995,上行
2024-08-27,1.5293186021871454,-13.641391492876,2.1903,-0.024049518921904323,-0.4784393172320005,上行
2024-08-28,1.557506354770391,-10.782539671604,2.1673,0.028187752583245462,2.8588518212719993,上行
2024-08-29,1.5792983683635797,-11.502330644425,2.1703,0.02179201359318883,-0.7197909728209986,上行
2024-08-30,1.5982069939374934,-12.961372321134,2.1704,0.018908625573913707,-1.4590416767090009,上行
2024-09-02,1.586432199265048,-11.583604014184,2.1457,-0.011774794672445354,1.3777683069499993,上行
2024-09-03,1.6106927701598206,-11.989500409849,2.1432,0.024260570894772515,-0.4058963956649997,上行
2024-09-04,1.6434952921271804,-17.556345646668,2.1336,0.03280252196735978,-5.566845236818999,上行
2024-09-05,1.6216568106869433,-16.692697355562,2.1338,-0.021838481440237034,0.8636482911059993,上行
2024-09-06,1.5941050174457736,-15.917347991507,2.1388,-0.027551793241169742,0.7753493640549998,上行
2024-09-09,1.5975292233240364,-14.128130553804,2.1267,0.003424205878262754,1.789217437703,上行
2024-09-10,1.6282923196138475,-13.649130808404001,2.1143,0.03076309628981111,0.47899974539999945,上行
2024-09-11,1.6606650700710106,-14.595851943499,2.1044,0.032372750457163146,-0.9467211350949984,上行
2024-09-12,1.685225784578237,-16.024221323401,2.0998,0.02456071450722641,-1.4283693799020014,上行
2024-09-13,1.724784108583465,-19.826165803949,2.0724,0.03955832400522796,-3.8019444805479985,上行
2024-09-18,1.7598858351515152,-22.218072442261,2.0403,0.03510172656805022,-2.391906638312001,上行
2024-09-19,1.8092159507189054,-14.005877546745,2.045,0.0493301155673902,8.212194895516001,上行
2024-09-20,1.8481377217635313,-7.483391228723,2.0431,0.03892177104462591,6.522486318022,上行
2024-09-23,1.8481045929399083,-8.814222311083,2.0381,-3.312882362305203e-05,-1.3308310823600005,上行
2024-09-24,1.7793569646882845,-9.466601981485,2.0728,-0.06874762825162373,-0.6523796704020004,上行
2024-09-25,1.7685403500925192,-8.299736068250999,2.0437,-0.010816614595765328,1.1668659132340018,上行
2024-09-26,1.6865616689467908,-5.433665973892,2.0787,-0.08197868114572837,2.8660700943589985,上行
2024-09-27,1.629987855026622,-10.117278808558,2.1714,-0.0565738139201688,-4.6836128346659995,上行
2024-09-30,1.7090195225143223,-10.071287476917998,2.1518,0.0790316674877003,0.045991331640001576,上行
2024-10-08,1.7167926166775103,-10.783027251751001,2.1928,0.0077730941631879436,-0.7117397748330028,上行
2024-10-09,1.793203843342324,-11.303244346096001,2.176,0.07641122666481381,-0.520217094345,上行
2024-10-10,1.8240117225401717,-15.624076399644,2.1441,0.030807879197847665,-4.320832053547999,上行
2024-10-11,1.7752740362629604,-8.037829959122,2.1392,-0.04873768627721131,7.586246440522,上行
2024-10-14,1.8078677364332605,-5.816100780159,2.1368,0.032593700170300055,2.221729178963,上行
2024-10-15,1.868647093275728,-4.715583100093,2.1254,0.06077935684246749,1.100517680066,上行
2024-10-16,1.882074910741132,-3.0701142386780003,2.1331,0.013427817465404113,1.645468861415,上行
2024-10-17,1.8737364160591998,-1.191913732083,2.1084,-0.008338494681932263,1.8782005065950003,上行
2024-10-18,1.8354549995610665,-3.570461262743,2.1209,-0.038281416498133325,-2.37854753066,上行
2024-10-21,1.8426492426341246,-5.22536715311,2.1211,0.007194243073058049,-1.6549058903669995,上行
2024-10-22,1.8229669228906382,-6.5831560262630004,2.1458,-0.01968231974348633,-1.3577888731530008,上行
2024-10-23,1.8069149076404387,-7.911261386588,2.1559,-0.016052015250199503,-1.328105360325,上行
2024-10-24,1.8180935997326455,-5.488078978823999,2.1661,0.011178692092206788,2.423182407764001,上行
2024-10-25,1.823268142782252,-6.949999209548,2.1539,0.005174543049606406,-1.461920230724001,上行
2024-10-28,1.8230643193429779,-4.223850962748,2.1617,-0.00020382343927405344,2.7261482468000002,上行
2024-10-29,1.8242033961903852,-5.443793983929001,2.1598,0.0011390768474073276,-1.2199430211810007,上行
2024-10-30,1.8395772866248143,-5.102710442055,2.1597,0.01537389043442916,0.34108354187400103,上行
2024-10-31,1.860127951784085,-7.545454051846,2.1476,0.02055066515927062,-2.442743609791,上行
2024-11-01,1.87638768423586,-9.245750472952,2.1406,0.016259732451775033,-1.7002964211060005,上行
2024-11-04,1.8740784771038117,-8.774249256933,2.1275,-0.0023092071320482965,0.47150121601899997,上行
2024-11-05,1.8732132108077146,-11.543840850562,2.1106,-0.000865266296097067,-2.7695915936290003,上行
2024-11-06,1.8528206565656566,-13.944060348797999,2.1234,-0.020392554242057992,-2.400219498235998,上行
2024-11-07,1.8516912969558816,-16.722902056210998,2.1115,-0.0011293596097750047,-2.778841707412999,上行
2024-11-08,1.8184643450449178,-17.769709578495,2.1067,-0.03322695191096381,-1.046807522284002,上行
2024-11-11,1.756771809251487,-15.700251227958,2.092,-0.061692535793430814,2.0694583505369994,上行
2024-11-12,1.7340850435655308,-9.077096638333,2.0729,-0.02268676568595618,6.623154589625001,上行
2024-11-13,1.7214702058514766,-8.074592657317,2.0876,-0.01261483771405425,1.002503981016,上行
2024-11-14,1.7584105230712614,-12.252343298926998,2.0808,0.03694031721978486,-4.1777506416099985,上行
2024-11-15,1.7635808377641127,-13.026042070848,2.0948,0.00517031469285123,-0.7736987719210013,上行
2024-11-18,1.7347656683259587,-17.335865806007998,2.1117,-0.028815169438153987,-4.309823735159998,上行
2024-11-19,1.7690399481457475,-16.438231701733,2.0947,0.03427427981978881,0.8976341042749993,上行
2024-11-20,1.7639250898813936,-16.421115226841,2.1025,-0.005114858264353872,0.01711647489199919,上行
2024-11-21,1.7860700556534643,-15.376835444376999,2.0843,0.0221449657720707,1.0442797824640007,上行
2024-11-22,1.77696555529858,-15.505918141162,2.0832,-0.009104500354884415,-0.12908269678500162,上行
2024-11-25,1.7958977515395653,-14.31693019949,2.0682,0.01893219624098541,1.188987941672,上行
2024-11-26,1.7941084797187918,-15.713958716117,2.0657,-0.001789271820773486,-1.3970285166269996,上行
2024-11-27,1.7979144768676703,-15.231357721997,2.0553,0.003805997148878415,0.48260099412000024,上行
2024-11-28,1.8226365732489958,-14.457442304117,2.0304,0.024722096381325498,0.7739154178799996,上行
2024-11-29,1.8233852206356518,-12.589651016827,2.0206,0.0007486473866560317,1.8677912872900002,上行
2024-12-02,1.857504169081459,-12.156915852486001,1.981,0.03411894844580732,0.4327351643409987,上行
2024-12-03,1.8272627864654778,-10.816871980355,1.9886,-0.030241382615981305,1.3400438721310017,上行
2024-12-04,1.8604293053075052,-10.319403175452,1.9612,0.03316651884202737,0.49746880490299894,上行
2024-12-05,1.8794587118364356,-10.985602130359,1.9462,0.01902940652893048,-0.6661989549069993,上行
2024-12-06,1.8729867400376026,-10.701160076331,1.9539,-0.006471971798833076,0.28444205402800016,上行
2024-12-09,1.895402235621945,-6.745985065356,1.9168,0.022415495584342526,3.955175010975,上行
2024-12-10,1.8305120269674802,-0.4165990376886475,1.8468,-0.06489020865446493,6.329386027667352,上行
2024-12-11,1.7951080370996402,1.169488767854,1.8218,-0.03540398986783999,1.5860878055426475,上行
2024-12-12,1.8122924168225112,2.324956212638,1.8172,0.017184379722871013,1.1554674447839999,上行
2024-12-13,1.8280891800587524,3.835114776062,1.7771,0.01579676323624124,1.510158563424,上行
2024-12-16,1.7467453303964757,2.2220982569850003,1.7215,-0.0813438496622767,-1.6130165190769996,上行
2024-12-17,1.768053938912134,0.21445826657570663,1.7237,0.02130860851565819,-2.007639990409294,上行
2024-12-18,1.7658605469970032,-0.6103359936909801,1.7564,-0.0021933919151306824,-0.8247942602666868,上行
2024-12-19,1.7844300181687582,1.52866747287,1.7417,0.018569471171755003,2.1390034665609803,上行
2024-12-20,1.7876179269108547,1.6382866765980002,1.7018,0.0031879087420965124,0.10961920372800016,上行
2024-12-23,1.7603020884500498,-2.009252736347,1.7019,-0.027315838460804986,-3.647539412945,上行
2024-12-24,1.768009759906468,0.782869330917188,1.7166,0.0077076714564181525,2.792122067264188,上行
2024-12-25,1.7665398833060488,3.475419950197,1.7365,-0.0014698766004190844,2.6925506192798117,上行
2024-12-26,1.784674885397025,3.91954579322,1.7122,0.01813500209097607,0.4441258430230004,上行
2024-12-27,1.7843049641666666,4.234631659933,1.6929,-0.0003699212303582833,0.3150858667129999,上行
2024-12-30,1.7604975044741333,9.85366845164,1.7128,-0.023807459692533284,5.619036791707001,上行
2024-12-31,1.814947594830831,8.864204359513,1.6752,0.05445009035669757,-0.989464092127001,上行
2025-01-02,1.7849709138954386,6.665394202363,1.6077,-0.029976680935392297,-2.1988101571499996,上行
2025-01-03,1.7262902601963446,3.8035223194650003,1.6041,-0.05868065369909403,-2.861871882898,上行
2025-01-06,1.7288799418210798,3.032361275544,1.5966,0.002589681624735274,-0.7711610439210004,上行
2025-01-07,1.7572302811731009,3.519690088309,1.6093,0.028350339352021026,0.48732881276499995,上行
2025-01-08,1.7274822574716318,2.9527217733609996,1.6069,-0.029748023701469117,-0.5669683149480003,上行
2025-01-09,1.6605613789561027,4.86446098621,1.6368,-0.06692087851552908,1.9117392128490005,上行
2025-01-10,1.6545962148317441,4.727899745559,1.6338,-0.005965164124358546,-0.13656124065099995,上行
2025-01-13,1.6532124450265937,2.198397085235,1.6592,-0.0013837698051504255,-2.5295026603240003,上行
2025-01-14,1.6955208381028617,3.491996038164,1.6446,0.04230839307626799,1.293598952929,上行
2025-01-15,1.686659459007916,5.687537623526,1.633,-0.008861379094945665,2.1955415853619997,上行
2025-01-16,1.6664516534622085,6.764046172294,1.6394,-0.020207805545707558,1.0765085487680004,上行
2025-01-17,1.635197617148948,8.876410167865,1.6593,-0.031254036313260514,2.112363995571,上行
2025-01-20,1.577430436849694,13.714116774612002,1.6747,-0.05776718029925387,4.837706606747002,上行
2025-01-21,1.6051940382215288,13.028764459536,1.6496,0.027763601371834756,-0.6853523150760026,上行
2025-01-22,1.5624181317578005,13.341111616697999,1.6602,-0.04277590646372831,0.3123471571619998,上行
2025-01-23,1.547327700419505,9.365595713238001,1.6645,-0.015090431338295573,-3.975515903459998,上行
2025-01-24,1.5623891128596776,5.483750398475,1.6565,0.015061412440172672,-3.8818453147630008,上行
2025-01-27,1.5498644938083443,4.165955948299,1.6299,-0.012524619051333286,-1.3177944501760006,上行
2025-02-05,1.5178076773223017,8.620341834362,1.6207,-0.03205681648604264,4.454385886063,上行
2025-02-06,1.5370522839552518,-0.4653616279001044,1.5958,0.019244606632950134,-9.085703462262105,上行
2025-02-07,1.5416944505577328,-0.6380111772913422,1.6032,0.004642166602480957,-0.17264954939123778,上行
2025-02-10,1.5118800399607928,-9.387484590546,1.6342,-0.02981441059694001,-8.749473413254659,上行
2025-02-11,1.4966564197207353,-11.011100712304,1.6274,-0.015223620240057523,-1.6236161217579994,上行
2025-02-12,1.4974891509398567,-12.887428341915,1.6336,0.0008327312191214187,-1.8763276296109996,上行
2025-02-13,1.5698280282609531,-8.34355439835,1.6346,0.07233887732109645,4.543873943565,上行
2025-02-14,1.5493359288977617,-4.45606891967,1.6546,-0.020492099363191407,3.8874854786799995,下行
2025-02-17,1.5120126806222394,-2.089140287673,1.6934,-0.03732324827552236,2.3669286319969998,上行
2025-02-18,1.5275030148537831,-0.6027908247727143,1.7006,0.015490334231543779,1.4863494629002858,上行
2025-02-19,1.563381643666164,-4.942965050302,1.6626,0.03587862881238091,-4.340174225529285,上行
2025-02-20,1.5382404750685565,-12.513010094514,1.685,-0.02514116859760751,-7.570045044212,上行
2025-02-21,1.5098521224552983,-11.941913001506999,1.72,-0.028388352613258228,0.5710970930070012,上行
2025-02-24,1.4961067606403748,-14.225688357617,1.7625,-0.013745361814923474,-2.2837753561100023,上行
2025-02-25,1.5775661045544553,-11.619388503270999,1.7275,0.0814593439140805,2.606299854346002,上行
2025-02-26,1.5442300611141582,-10.443353616637001,1.7251,-0.03333604344029717,1.1760348866339978,上行
2025-02-27,1.5178894081168064,-8.69430294489,1.7576,-0.026340652997351777,1.7490506717470016,上行
2025-02-28,1.564150799276957,-4.811115536279,1.7152,0.0462613911601506,3.8831874086109996,上行
2025-03-03,1.529110476816074,-0.0042085920660267515,1.6955,-0.03504032246088307,4.806906944212973,上行
2025-03-04,1.5068971470395625,-4.5679206502889995,1.7079,-0.02221332977651147,-4.563712058222973,上行
2025-03-05,1.5135716369392325,-2.363207639198,1.7083,0.006674489899670011,2.2047130110909996,上行
2025-03-06,1.5168008928501622,-1.383044112615,1.7455,0.003229255910929707,0.980163526583,上行
2025-03-07,1.4810849109424764,-2.157846190235,1.8002,-0.03571598190768577,-0.77480207762,上行
2025-03-10,1.4708088585481016,-3.590408710377,1.8128,-0.01027605239437479,-1.432562520142,上行
2025-03-11,1.4233040177615668,-5.478719656347001,1.8853,-0.04750484078653483,-1.8883109459700007,上行
2025-03-12,1.484016089203371,-4.957324149617,1.8334,0.06071207144180413,0.5213955067300002,上行
2025-03-13,1.4548609689707166,-5.532921998885,1.8565,-0.02915512023265432,-0.5755978492679992,上行
2025-03-14,1.4793982042532932,-3.4343999429950003,1.8317,0.024537235282576564,2.0985220558899993,上行
2025-03-17,1.431503537995375,-4.1053625920390004,1.8957,-0.04789466625791805,-0.6709626490440002,上行
2025-03-18,1.4225982042532928,-5.847182656336,1.8885,-0.008905333742082355,-1.7418200642969994,上行
2025-03-19,1.3982739243183955,-7.3397876653219996,1.8708,-0.024324279934897275,-1.4926050089859997,上行
2025-03-20,1.418191654272922,-8.777024656955,1.8309,0.019917729954526564,-1.4372369916330001,上行
2025-03-21,1.4117891615270513,-6.573628162855,1.8458,-0.006402492745870791,2.2033964940999997,上行
2025-03-24,1.40690641211272,-4.381322564866999,1.8413,-0.004882749414331311,2.1923055979880006,上行
2025-03-25,1.4110521840414825,-3.384049860694,1.8183,0.004145771928762532,0.9972727041729992,上行
2025-03-26,1.4308089480599786,-4.485116241876,1.7943,0.01975676401849613,-1.1010663811819996,下行
2025-03-27,1.3950320817829607,-5.681895699315,1.8062,-0.03577686627701793,-1.1967794574389998,下行
2025-03-28,1.3520916624952597,-6.597507911917,1.8126,-0.04294041928770098,-0.9156122126020003,下行
2025-03-31,1.342386780701459,-8.648916898952,1.8129,-0.009704881793800801,-2.0514089870350007,下行
2025-04-01,1.3492513811740892,-9.175810031706,1.8104,0.006864600472630267,-0.5268931327539992,下行
2025-04-02,1.3511419867234384,-12.558353919824999,1.7887,0.001890605549349278,-3.382543888118999,下行
2025-04-03,1.34502753681112,-10.222565658279,1.718,-0.006114449912318465,2.335788261545998,下行
2025-04-07,1.3728542057172193,-5.806656312097,1.6318,0.027826668906099306,4.4159093461820005,下行
2025-04-08,1.3592944661115414,-6.8750065365070006,1.6633,-0.013559739605677912,-1.0683502244100005,下行
2025-04-09,1.4060288976727486,-6.994695840995,1.6508,0.04673443156120727,-0.11968930448799942,下行
2025-04-10,1.4127282541620423,-5.251182748561,1.6444,0.006699356489293651,1.743513092434,下行
2025-04-11,1.400228462151134,-6.326351390373,1.6568,-0.012499792010908228,-1.0751686418120006,下行
2025-04-14,1.3825477201675485,-6.846118358499001,1.6584,-0.0176807419835856,-0.5197669681260004,下行
2025-04-15,1.3529236564097618,-6.595930714185999,1.6583,-0.0296240637577867,0.25018764431300156,下行
2025-04-16,1.3642592299145848,-7.1919941031370005,1.643,0.01133557350482306,-0.5960633889510012,下行
2025-04-17,1.3313000617394077,-9.60701998048,1.6522,-0.03295916817517708,-2.415025877343,下行
2025-04-18,1.2758782148698884,16.744488820343,1.6493,-0.05542184686951934,26.351508800823,下行
2025-04-21,1.355804302891442,-10.223264599322,1.6664,0.07992608802155354,-26.967753419665,下行
2025-04-22,1.3657554014495088,-9.361749196612,1.6509,0.009951098558066862,0.8615154027100012,下行
2025-04-23,1.3740331001425978,-9.583701368277001,1.6611,0.00827769869308903,-0.22195217166500214,下行
2025-04-24,1.3854632847513924,-10.890502602344,1.664,0.011430184608794525,-1.3068012340669988,下行
2025-04-25,1.4028283123875567,-6.400744117627,1.6606,0.01736502763616432,4.489758484717,下行
2025-04-28,1.4359109974641857,-5.837856209620999,1.6483,0.03308268507662904,0.562887908006001,下行
2025-04-29,1.4421366806796976,-4.713404237559,1.6241,0.006225683215511868,1.1244519720619994,下行
2025-04-30,1.4196128591672896,-3.977329127241,1.6243,-0.02252382151240795,0.7360751103179997,下行
2025-05-06,1.3915268038197248,-0.9295814706583929,1.6298,-0.02808605534756481,3.047747656582607,下行
2025-05-07,1.3705859544533436,-2.058649703916,1.6418,-0.020940849366381187,-1.1290682332576072,下行
2025-05-08,1.3666458980781553,-0.2963236450416462,1.6331,-0.00394005637518835,1.762326058874354,下行
2025-05-09,1.35068291583243,-0.3236603141980321,1.6351,-0.015962982245725232,-0.027336669156385884,下行
2025-05-12,1.2808402896814073,1.121754004232,1.688,-0.06984262615102277,1.445414318430032,下行
2025-05-13,1.290462059374012,0.5239590215318918,1.6704,0.009621769692604643,-0.5977949827001082,下行
2025-05-14,1.2733796701595392,1.5354393042290002,1.6736,-0.017082389214472693,1.0114802826971085,下行
2025-05-15,1.27266112667087,-0.536024685980005,1.6798,-0.0007185434886691766,-2.071463990209005,下行
2025-05-16,1.250073379355646,2.315312331285,1.6793,-0.02258774731522406,2.851337017265005,下行
2025-05-19,1.2608593963190184,-13.569671802528001,1.6893,0.010786016963372447,-15.884984133813001,下行
2025-05-20,1.183864457591623,0.36603718598243046,1.7004,-0.07699493872739538,13.93570898851043,下行
2025-05-21,1.0920324631736278,15.095662354463,1.71,-0.09183199441799528,14.72962516848057,下行
2025-05-22,1.0702328061157025,18.863940230261,1.7186,-0.021799657057925304,3.7682778757980007,上行
2025-05-23,0.9533222498992591,53.409640248364006,1.7208,-0.11691055621644342,34.545700018103005,上行
2025-05-26,1.0436836376095444,22.400006027535998,1.7201,0.09036138771028535,-31.00963422082801,上行
2025-05-27,1.0418398168644392,22.554950899506,1.7261,-0.0018438207451052513,0.1549448719700024,上行
2025-05-28,1.0834538455357874,23.611788619208998,1.6832,0.041614028671348224,1.0568377197029974,上行
2025-05-29,1.0841049136708376,23.716018625477002,1.6877,0.0006510681350502256,0.10423000626800416,上行
2025-05-30,1.095907581303813,22.336153482102,1.6712,0.011802667632975439,-1.379865143375003,上行
2025-06-03,1.0943428322522375,22.602798084303,1.6764,-0.0015647490515755536,0.2666446022010014,上行
2025-06-04,1.0976154994668197,22.205723750425,1.6704,0.0032726672145821922,-0.39707433387799895,上行
2025-06-05,1.0850134300509664,21.392956794042,1.6741,-0.01260206941585329,-0.8127669563830011,上行
2025-06-06,1.1089327389915642,22.643152102859997,1.6547,0.023919308940597794,1.2501953088179967,上行
2025-06-09,1.1233623435003433,25.447851280507003,1.6559,0.01442960450877906,2.804699177647006,上行
2025-06-10,1.1118725531821785,24.531338665232997,1.6569,-0.011489790318164772,-0.9165126152740051,上行
2025-06-11,1.1262425721082854,24.157401001016,1.642,0.014370018926106898,-0.3739376642169958,上行
2025-06-12,1.1130429445353403,23.893684951965,1.6475,-0.013199627572945127,-0.263716049051002,上行
2025-06-13,1.0867571984786362,25.892402292106002,1.644,-0.026285746056704085,1.9987173401410026,上行
2025-06-16,1.0733413744968605,26.955846620920997,1.6432,-0.013415823981775654,1.0634443288149953,上行
2025-06-17,1.045738375953794,29.976639584994,1.6364,-0.02760299854306658,3.020792964073003,上行
2025-06-18,0.9842588306217617,31.97473174095,1.6384,-0.06147954533203226,1.998092155955998,上行
2025-06-19,0.9795474724028075,31.799914211092997,1.6425,-0.004711358218954187,-0.17481752985700183,上行
2025-06-20,0.9658466828464807,31.002378879644,1.6396,-0.013700789556326809,-0.7975353314489979,上行
2025-06-23,0.9617035197510544,27.735563603111,1.6418,-0.004143163095426283,-3.2668152765329985,上行
2025-06-24,0.9726220777116231,27.161992511859,1.648,0.010918557960568731,-0.5735710912519991,上行
2025-06-25,0.9726145023354785,26.745461527236998,1.6544,-7.575376144597357e-06,-0.41653098462200333,上行
2025-06-26,0.9943819516406697,27.214593206104002,1.6462,0.021767449305191144,0.46913167886700435,上行
2025-06-27,1.0129009130834494,26.703862890580996,1.6462,0.018518961442779758,-0.5107303155230056,上行
2025-06-30,1.0172393421405825,25.636398889048,1.6469,0.0043384290571331086,-1.067464001532997,上行
2025-07-01,1.0361407617913292,27.100019474719996,1.6433,0.018901419650746654,1.4636205856719968,上行
2025-07-02,0.997473923832348,26.891416136927,1.6396,-0.03866683795898118,-0.20860333779299722,上行
2025-07-03,1.0013981016285625,26.737975665968,1.6407,0.003924177796214456,-0.15344047095899782,上行
2025-07-04,1.0000398835970548,27.116354909393998,1.6433,-0.0013582180315077075,0.3783792434259965,上行
2025-07-07,1.0134815054400546,26.62347012405,1.6406,0.013441621842999796,-0.49288478534399616,上行
2025-07-08,1.0450777200924521,26.453996618439,1.6444,0.03159621465239759,-0.16947350561100194,上行
2025-07-09,1.0659044542558034,25.123914747894002,1.6446,0.020826734163351235,-1.3300818705449977,上行
2025-07-10,1.0525379356551112,24.659403531104,1.6616,-0.013366518600692157,-0.46451121679000096,上行
2025-07-11,1.0524082110604027,25.899032721153002,1.6653,-0.0001297245947085024,1.2396291900490013,上行
2025-07-14,1.0536712644278674,27.142261073079002,1.6726,0.0012630533674646838,1.2432283519259997,上行
2025-07-15,1.039721238138346,25.626145946888,1.6557,-0.013950026289521356,-1.5161151261910035,上行
2025-07-16,1.0319999324676707,25.266206183978,1.6617,-0.007721305670675305,-0.35993976290999896,上行
2025-07-17,1.0319189634500197,25.873451515607,1.663,-8.09690176510891e-05,0.6072453316290023,上行
2025-07-18,1.0475560657591512,26.834811970177,1.6652,0.015637102309131512,0.9613604545699985,上行
2025-07-21,1.0510756181979892,26.276322041245,1.6774,0.0035195524388380584,-0.5584899289320013,上行
2025-07-22,1.0714246585904885,27.057932362461997,1.6907,0.020349040392499296,0.7816103212169985,上行
2025-07-23,1.0755439006589784,26.954708047523003,1.7041,0.004119242068489903,-0.10322431493899487,上行
2025-07-24,1.0558500789735097,28.275255422418002,1.7376,-0.019693821685468738,1.3205473748949998,上行
2025-07-25,1.0717280500249293,28.520708443033,1.7324,0.015877971051419637,0.24545302061499896,上行
2025-07-28,1.0665711775274724,30.513282233289,1.7146,-0.005156872497456888,1.9925737902559995,上行
2025-07-29,1.0492416653870584,30.341377665657,1.7466,-0.017329512140414005,-0.17190456763200146,上行
2025-07-30,1.0628655879024282,31.245956336471,1.718,0.013623922515369813,0.9045786708140007,上行
2025-07-31,1.0119955903724376,28.004629330694,1.7044,-0.05086999752999066,-3.2413270057769985,上行
2025-08-01,1.0015598395870662,27.230369065123,1.7059,-0.0104357507853714,-0.7742602655710016,上行
2025-08-04,1.023562559354508,26.488212189522997,1.7083,0.022002719767441725,-0.7421568756000028,上行
2025-08-05,1.0303408936883363,28.406402392533998,1.7061,0.006778334333828351,1.918190203011001,上行
2025-08-06,1.032847492563099,27.395617372011,1.6999,0.0025065988747627888,-1.0107850205229987,上行
2025-08-07,1.0232106876205789,24.424712492502,1.6894,-0.009636804942520172,-2.970904879509,上行
2025-08-08,1.03563033487646,23.473009332725002,1.6891,0.012419647255881072,-0.9517031597769972,上行
2025-08-11,1.0262376397080768,24.271280711922,1.7203,-0.009392695168383147,0.7982713791969971,上行
2025-08-12,1.0274339263713534,24.666757028677,1.7271,0.0011962866632766467,0.3954763167550013,上行
2025-08-13,1.0465159174495358,24.983452026366997,1.7262,0.019081991078182314,0.3166949976899964,上行
2025-08-14,1.0534273525346256,25.565846109411,1.7341,0.006911435085089845,0.5823940830440044,上行
2025-08-15,1.0665889171645317,25.73443640814,1.7465,0.013161564629906142,0.1685902987289971,上行
2025-08-18,1.1064581638416464,23.066403208697,1.7872,0.03986924667711467,-2.6680331994429984,上行
2025-08-19,1.1776568078682792,21.841181085138,1.7725,0.07119864402663278,-1.225222123559,上行
2025-08-20,1.168758740293809,21.575715801808002,1.782,-0.008898067574470092,-0.2654652833299984,上行
2025-08-21,1.178478799115585,22.138613379029,1.7667,0.009720058821775845,0.5628975772209976,上行
2025-08-22,1.1593572011040092,20.865197218143,1.7818,-0.019121598011575758,-1.2734161608860006,上行
2025-08-25,1.165197087768035,21.838192855961,1.7643,0.005839886664025906,0.972995637818002,上行
2025-08-26,1.1086866502890174,24.445111587673,1.7598,-0.05651043747901774,2.6069187317119997,上行
2025-08-27,1.0647372065171274,25.932339067169,1.7988,-0.04394944377188992,1.4872274794959992,上行
2025-08-28,1.0255716752384196,25.541742550279,1.8478,-0.03916553127870781,-0.39059651688999963,上行
2025-08-29,1.049074016483203,22.888024991431998,1.8379,0.023502341244783453,-2.6537175588470028,上行
2025-09-01,1.0720996525547446,21.694323780580998,1.8257,0.02302563607154151,-1.1937012108509997,上行
2025-09-02,1.0596924097741156,24.224557961928,1.8167,-0.012407242780628991,2.5302341813470015,上行
2025-09-03,1.0739118417364164,22.664352650671,1.7984,0.0142194319623008,-1.5602053112570005,上行
2025-09-04,1.0117869252094525,23.375159077345998,1.806,-0.06212491652696395,0.7108064266749992,上行
2025-09-05,1.035675454036635,24.248766015978998,1.826,0.02388852882718262,0.8736069386329994,上行
2025-09-08,1.0287567857407038,25.205271844106,1.8514,-0.006918668295931241,0.9565058281270034,上行
2025-09-09,1.0111486824959526,26.227859245907,1.8641,-0.01760810324475126,1.0225874018009975,上行
2025-09-10,0.9849775174358975,26.36932486537,1.8992,-0.026171165060055124,0.14146561946300196,上行
2025-09-11,1.0171266783388553,27.268531747774,1.8743,0.03214916090295783,0.8992068824039983,上行
2025-09-12,1.0125014040447138,25.669631651629,1.867,-0.0046252742941415015,-1.5989000961449982,上行
2025-09-15,1.0031753688964635,23.905368201159998,1.8724,-0.009326035148250256,-1.7642634504690022,上行
2025-09-16,1.034850439601814,22.733578037651004,1.8527,0.03167507070535058,-1.1717901635089945,上行
2025-09-17,1.059006319307072,22.91476112848,1.8349,0.0241558797052579,0.18118309082899486,上行
2025-09-18,1.0339391292264672,23.911097086878996,1.8546,-0.025067190080604762,0.9963359583989977,上行
2025-09-19,1.0051131862002165,23.379431431954,1.8789,-0.028825943026250744,-0.5316656549249963,上行
2025-09-22,1.0274701243322002,23.77647419277,1.8647,0.022356938131983695,0.39704276081599943,上行
2025-09-23,1.0337976325368756,26.939081506415,1.877,0.006327508204675425,3.162607313645001,上行
2025-09-24,1.016402054488843,27.063236168807,1.9022,-0.0173955780480326,0.12415466239199802,上行
2025-09-25,1.0468540824527373,26.577711734102,1.884,0.030452027963894235,-0.48552443470499895,上行
2025-09-26,1.0558370469872538,27.293411491925998,1.8768,0.008982964534516524,0.7156997578239981,上行
2025-09-29,1.0550974414252086,27.51107043408,1.887,-0.0007396055620452202,0.21765894215400294,上行
2025-09-30,1.0821960892389975,27.113332009925,1.8605,0.0270986478137889,-0.39773842415500127,上行
2025-10-09,1.1051911961161651,26.731898774637997,1.8466,0.02299510687716766,-0.3814332352870018,上行
2025-10-10,1.1094967699763523,24.682379316852003,1.846,0.004305573860187151,-2.049519457785994,上行
2025-10-13,1.1178008836652453,23.968258940799,1.8383,0.008304113688893056,-0.7141203760530033,上行
2025-10-14,1.1234500398268905,23.371780531868,1.8368,0.005649156161645186,-0.5964784089309987,上行
2025-10-15,1.1367107814331576,23.724881520717002,1.8449,0.013260741606267112,0.35310098884900043,上行
2025-10-16,1.155559829579424,24.601251692306,1.8407,0.018849048146266423,0.8763701715889987,上行
2025-10-17,1.1996764791181216,25.603935533166,1.8246,0.04411664953869754,1.0026838408599978,上行
2025-10-20,1.2217322328347338,26.323808145521,1.8498,0.02205575371661217,0.719872612355001,上行
2025-10-21,1.242276006749772,27.780719787468,1.8357,0.020543773915038255,1.456911641947002,上行
2025-10-22,1.23730095910578,29.729788432503,1.8293,-0.004975047643992037,1.9490686450349983,上行
2025-10-23,1.2311280915294331,34.258384938785,1.8391,-0.00617286757634683,4.528596506282,上行
2025-10-24,1.1818325828294316,35.943446471444,1.8486,-0.049295508700001545,1.6850615326589988,上行
2025-10-27,1.197687713942524,36.155719523476996,1.8423,0.015855131113092336,0.21227305203299807,上行
2025-10-28,1.1697824124070357,36.744232208543,1.8179,-0.027905301535488203,0.5885126850660072,上行
2025-10-29,1.151793107293869,38.054255276178,1.8208,-0.017989305113166765,1.3100230676349938,上行
2025-10-30,1.1570434107613856,37.468722684441,1.8098,0.005250303467516648,-0.5855325917369996,下行
2025-10-31,1.1820015723655184,38.033807886216,1.7954,0.024958161604132778,0.5650852017750054,下行
2025-11-03,1.1958416441293753,37.919041636859,1.7944,0.013840071763856931,-0.11476624935700386,下行
2025-11-04,1.2152529787449395,36.913664616358,1.7984,0.019411334615564213,-1.005377020501001,下行
2025-11-05,1.2166251156879668,37.790219784509,1.7964,0.0013721369430272912,0.8765551681510004,下行
2025-11-06,1.2032044784355747,37.289707581771,1.81,-0.013420637252392176,-0.5005122027380011,下行
2025-11-07,1.1790477118358416,37.669636076188,1.8142,-0.024156766599733093,0.37992849441700116,下行
2025-11-10,1.1440147074360847,37.597347076161,1.8139,-0.03503300439975687,-0.07228900002699845,下行
2025-11-11,1.129684508557315,35.803918543284,1.8119,-0.014330198878769629,-1.7934285328770017,下行
2025-11-12,1.147965411349174,36.138812591077,1.8071,0.0182809027918589,0.334894047793,下行
2025-11-13,1.1418617207646287,35.435366094976,1.8126,-0.006103690584545296,-0.7034464961010016,下行
2025-11-14,1.133065030479462,34.322910402952,1.814,-0.008796690285166608,-1.1124556920239996,下行
2025-11-17,1.1389129567295084,34.177740137102,1.8109,0.005847926250046376,-0.14517026584999826,下行
2025-11-18,1.1443462023830384,33.141499109012,1.8121,0.005433245653529983,-1.0362410280899965,下行
2025-11-19,1.1504222654156282,33.703102980781,1.8179,0.006076063032589785,0.5616038717689946,下行
2025-11-20,1.1634637964476857,34.876730549671,1.8135,0.013041531032057518,1.173627568890005,下行
2025-11-21,1.1829446181333334,32.116851626759,1.8166,0.019480821685647687,-2.7598789229120015,下行
2025-11-24,1.1859394618469123,34.486030324920996,1.821,0.002994843713578943,2.3691786981619956,下行
2025-11-25,1.1687337834587355,35.132197222203004,1.8301,-0.01720567838817688,0.6461668972820078,下行
2025-11-26,1.1389275576327658,37.607632298597004,1.8462,-0.0298062258259697,2.4754350763939996,下行
2025-11-27,1.1340705888498657,39.115342080782,1.8537,-0.004856968782900095,1.507709782184996,下行
2025-11-28,1.14093776952308,39.500157198409994,1.8412,0.006867180673214346,0.38481511762799414,下行
2025-12-01,1.1320479532171361,37.102734351363,1.8366,-0.008889816305943876,-2.3974228470469967,下行
2025-12-02,1.1674805754150057,37.880967373324,1.8442,0.03543262219786958,0.7782330219610003,下行
2025-12-03,1.1508475488521086,37.712582262939,1.8519,-0.016633026562897113,-0.16838511038499604,下行
2025-12-04,1.1420324162548376,37.306665733041,1.8718,-0.008815132597270958,-0.40591652989800053,下行
2025-12-05,1.1620687102164604,35.3500483249,1.848,0.020036293961622764,-1.9566174081409997,下行
2025-12-08,1.1568527527222328,35.304979364959,1.8499,-0.005215957494227652,-0.045068959940998354,下行
2025-12-09,1.172210809369417,35.797305980884005,1.8425,0.01535805664718426,0.49232661592500193,下行
2025-12-10,1.135111933420536,36.228715843425,1.8447,-0.03709887594888106,0.43140986254099545,下行
2025-12-11,1.139704291591719,36.331647193436,1.8404,0.004592358171183086,0.10293135001099785,下行
2025-12-12,1.1380697249852951,36.582172229073,1.8396,-0.001634566606423915,0.2505250356370041,下行
2025-12-15,1.1530991574369955,37.269456363389004,1.8488,0.015029432451700409,0.6872841343160019,下行
2025-12-16,1.2173677467396895,42.816498942847005,1.8458,0.06426858930269397,5.547042579458001,下行
2025-12-17,1.245661440192261,43.310580263379,1.834,0.02829369345257149,0.49408132053199694,下行
2025-12-18,1.2539300412610248,42.109321023836,1.8356,0.008268601068763815,-1.201259239542999,下行
2025-12-19,1.2720820836755962,41.990207227132004,1.8308,0.018152042414571357,-0.11911379670399924,下行
2025-12-22,1.2670034194737003,43.495945015938005,1.8415,-0.005078664201895844,1.5057377888060017,下行
2025-12-23,1.2966720103328795,41.201564069012,1.8352,0.029668590859179167,-2.2943809469260046,下行
2025-12-24,1.2085927788903925,40.485613383978006,1.8356,-0.08807923144248697,-0.7159506850339952,下行
2025-12-25,1.1703056579580917,38.542974783816,1.8386,-0.0382871209323008,-1.942638600162006,下行
2025-12-26,1.177578878987342,39.719521867407,1.8376,0.007273221029250321,1.1765470835910037,下行
2025-12-29,1.1778495009897427,37.779784621469,1.8584,0.0002706220024006889,-1.9397372459380051,下行
2025-12-30,1.1791426601260127,38.322972434361,1.8582,0.001293159136269928,0.5431878128920005,下行
2025-12-31,1.191045414388187,37.904162625951,1.8473,0.011902754262174353,-0.41880980840999626,下行
2026-01-05,1.1736663370672096,36.735734157267,1.8584,-0.017379077320977432,-1.1684284686840058,下行
2026-01-06,1.1299457742924317,38.18338451124,1.8829,-0.04372056277477787,1.4476503539730032,下行
2026-01-07,1.102629912209889,39.060487441655,1.9019,-0.027315862082542663,0.8771029304149991,上行
2026-01-08,1.1151003462383464,41.547585289851,1.8905,0.012470434028457378,2.487097848196001,上行
2026-01-09,1.1502381614813928,39.991261786318,1.8782,0.03513781524304638,-1.556323503533001,上行
2026-01-12,1.1743838749513167,38.309125420653,1.8585,0.02414571346992389,-1.6821363656650021,上行
2026-01-13,1.1888181948757994,36.772837391761,1.8519,0.014434319924482741,-1.5362880288919953,上行
2026-01-14,1.196533050367072,35.720935431887,1.8494,0.007714855491272488,-1.0519019598740016,上行
2026-01-15,1.1923580841484336,34.85941435329,1.8544,-0.004174966218638332,-0.8615210785970007,上行
2026-01-16,1.197405148545176,34.190721158043004,1.8424,0.005047064396742407,-0.6686931952469948,上行
2026-01-19,1.208283564994882,34.069919969116,1.8393,0.010878416449705997,-0.12080118892700398,上行
2026-01-20,1.1832974844936992,34.886163143269,1.8326,-0.024986080501182784,0.8162431741530014,上行
2026-01-21,1.1603671058510638,36.0684609289,1.8312,-0.022930378642635363,1.1822977856310004,上行
2026-01-22,1.1371800842384105,35.760674487265,1.8425,-0.02318702161265329,-0.30778644163500246,上行
2026-01-23,1.1289792156071896,36.321780198663,1.8298,-0.008200868631220937,0.5611057113979996,上行
2026-01-26,1.1526762567118534,35.45279511585,1.8242,0.023697041104663752,-0.8689850828129977,上行
2026-01-27,1.1457762567118535,34.301056509842,1.8311,-0.006899999999999906,-1.1517386060080028,上行
2026-01-28,1.1507912439767862,33.412231167363,1.8164,0.005014987264932769,-0.8888253424790022,上行
2026-01-29,1.1288930984284051,33.863573659949004,1.8174,-0.0218981455483811,0.4513424925860079,上行
2026-01-30,1.1493963286541498,33.885341383206004,1.8112,0.02050323022574463,0.021767723256999716,下行
2026-02-02,1.1673297586756375,34.249734068333,1.82,0.01793343002148773,0.36439268512699385,下行
2026-02-03,1.1623046902904905,34.082851774355,1.8172,-0.005025068385146936,-0.16688229397799859,下行
2026-02-04,1.151025416994308,34.408530283299,1.8193,-0.011279273296182613,0.3256785089440015,下行
2026-02-05,1.1655013334315343,34.861428009949,1.8169,0.014475916437226344,0.4528977266500007,下行
2026-02-06,1.1852619144869214,34.576090862172,1.8102,0.01976058105538714,-0.2853371477769997,下行
2026-02-09,1.194646585562847,33.741352779166,1.8114,0.009384671075925555,-0.8347380830060018,下行
2026-02-10,1.1912115022230125,32.395644282193004,1.8094,-0.003435083339834444,-1.3457084969729962,下行
2026-02-11,1.1859036142254726,32.518131994785,1.7994,-0.005307887997539895,0.12248771259199742,下行
2026-02-12,1.1982942411686588,33.281794645988995,1.7893,0.012390626943186156,0.7636626512039939,下行
2026-02-13,1.1834636226847768,33.727220356121,1.7928,-0.014830618483882008,0.4454257101320067,下行
2026-02-24,1.1916559004524887,33.821592299544,1.8023,0.00819227776771192,0.09437194342299904,下行
2026-02-25,1.1831226193678346,34.051464703176,1.8158,-0.00853328108465412,0.229872403632001,下行
2026-02-26,1.1874569157107526,34.705871510543,1.8288,0.0043342963429180426,0.6544068073669962,下行
2026-02-27,1.2595166294022033,33.668846022705,1.7877,0.0720597136914507,-1.037025487838001,下行
2026-03-02,1.2985106682257184,31.241027705805998,1.7761,0.03899403882351504,-2.4278183168989997,下行
2026-03-03,1.2840442135504966,30.891380769692997,1.7807,-0.014466454675221785,-0.34964693611300035,下行
2026-03-04,1.2804473307160331,31.213206152591003,1.7768,-0.0035968828344634662,0.32182538289800533,下行
2026-03-05,1.2903739547190398,31.575380247600002,1.7779,0.009926624003006701,0.36217409500899933,下行
2026-03-06,1.3097562698296392,32.613362906325,1.781,0.019382315110599402,1.0379826587249994,下行
2026-03-09,1.305873921630094,31.093253493967,1.8054,-0.003882348199545138,-1.520109412358,下行
2026-03-10,1.2845958719819297,30.112017906212,1.8055,-0.021278049648164377,-0.9812355877550019,下行
2026-03-11,1.2851446771552515,32.792203310043,1.8075,0.0005488051733217869,2.6801854038310005,下行
2026-03-12,1.3027308280477696,32.999778454769,1.8052,0.017586150892518138,0.20757514472600036,下行
2026-03-13,1.3009951397710486,32.828765062544996,1.8143,-0.0017356882767209925,-0.1710133922240047,下行
2026-03-16,1.3151754735664336,32.565882560794996,1.8312,0.01418033379538497,-0.26288250174999916,下行
2026-03-17,1.3069771231670646,34.512457952438,1.8314,-0.008198350399369003,1.9465753916430018,下行
2026-03-18,1.2894769776263695,35.667480931058996,1.8175,-0.017500145540695122,1.1550229786209982,下行
2026-03-19,1.267822635563703,37.350918864861995,1.8252,-0.021654342062666476,1.683437933802999,下行
2026-03-20,1.2611393838966745,37.072848537265,1.8299,-0.006683251667028545,-0.2780703275969927,下行
2026-03-23,1.2894578018867924,35.179267653288996,1.8316,0.028318417990117917,-1.893580883976007,下行
2026-03-24,1.2864662523298374,35.912775673876,1.8272,-0.00299154955695502,0.7335080205870028,下行
2026-03-25,1.2986240405217877,35.848020760734,1.8233,0.012157788191950347,-0.06475491314199644,下行
2026-03-26,1.3036797736233228,34.345467703627,1.8194,0.005055733101535065,-1.5025530571070007,下行
2026-03-27,1.3034729612207152,34.988829317301,1.8172,-0.00020681240260755906,0.6433616136739957,下行
2026-03-30,1.3121619678403105,36.70189894156,1.8063,0.008689006619595263,1.7130696242590062,下行
2026-03-31,1.3152565352269563,38.595386905607,1.8171,0.003094567386645819,1.8934879640469973,下行
2026-04-01,1.3118381381703277,37.969679006229995,1.8244,-0.003418397056628608,-0.6257078993770051,下行
2026-04-02,1.32176385813181,37.373320126806,1.8209,0.009925719961482393,-0.5963588794239953,下行
2026-04-03,1.3001958781359797,35.758087086675,1.8199,-0.021567979995830378,-1.6152330401310024,下行
2026-04-07,1.2956088787012268,35.801293650695,1.8171,-0.004586999434752936,0.04320656402000367,下行
2026-04-08,1.2791391580973326,35.63760464405,1.8136,-0.016469720603894178,-0.16368900664500075,下行
2026-04-09,1.291500309181416,35.712445608849,1.8192,0.01236115108408331,0.0748409647990016,下行
2026-04-10,1.304413661226752,35.499607393375,1.8128,0.012913352045336168,-0.21283821547400095,下行
2026-04-13,1.3329624563646472,34.466753260528,1.7933,0.0285487951378951,-1.0328541328469996,下行
2026-04-14,1.2981673787016466,33.87873553088,1.7829,-0.034795077663000606,-0.5880177296480014,下行
2026-04-15,1.289607457142857,34.127264002724,1.7809,-0.008559921558789485,0.24852847184399707,下行
2026-04-16,1.26116306121713,31.043149324732997,1.7812,-0.028444395925727006,-3.084114677991,下行
2026-04-17,1.2761366066990814,30.282979817066998,1.7623,0.01497354548195129,-0.7601695076659993,下行
2026-04-20,1.2765575838962442,31.206944545600997,1.7627,0.00042097719716283066,0.9239647285339991,下行
2026-04-21,1.3023744793243854,31.456298093049,1.751,0.02581689542814125,0.24935354744800264,下行
2026-04-22,1.295620274032553,32.976516614604,1.7389,-0.006754205291832349,1.5202185215550017,下行
2026-04-23,1.3003252674432642,32.900100405453,1.7548,0.004704993410711067,-0.07641620915099878,下行
2026-04-24,1.3362044884406086,34.807598506199,1.7601,0.03587922099734442,1.9074981007459968,下行
2026-04-27,1.3501074166230085,36.736616640315,1.7697,0.01390292818239991,1.9290181341159993,下行
2026-04-28,1.3571018001295454,36.921379595466,1.7654,0.006994383506536916,0.18476295515100105,下行
2026-04-29,1.387539924090975,35.757394255534,1.7444,0.03043812396142953,-1.1639853399319975,下行
2026-04-30,1.4036102019401173,35.749210692539,1.7473,0.01607027784914239,-0.00818356299500067,下行
2026-05-06,1.405976540377518,36.05680925971,1.7654,0.002366338437400639,0.30759856717099865,下行
2026-05-07,1.4048563245473675,35.997254775974,1.7631,-0.0011202158301504284,-0.05955448373600092,下行
2026-05-08,1.3749084624857681,35.270270859784,1.7648,-0.029947862061599384,-0.7269839161900009,下行
2026-05-11,1.3786944079310566,36.395991853576,1.7622,0.00378594544528843,1.125720993792001,下行
2026-05-12,1.3845626211276945,35.123248866829,1.7592,0.005868213196637884,-1.272742986746998,下行
2026-05-13,1.420144023001995,36.32283551883,1.7514,0.03558140187430059,1.1995866520009955,下行
2026-05-14,1.4294692471951205,38.749622011336,1.7588,0.009325224193125425,2.426786492506004,下行
2026-05-15,1.4271024834593573,40.822631499437996,1.7658,-0.0023667637357631666,2.073009488101995,下行
2026-05-18,1.4315569104827335,37.886897272262,1.7585,0.004454427023376173,-2.935734227175999,下行
2026-05-19,1.3925475420174145,33.063393635416,1.7345,-0.039009368465318994,-4.823503636845999,下行
2026-05-20,1.3939758695425413,32.882557689722,1.7382,0.0014283275251267824,-0.18083594569399963,下行
2026-05-21,1.39237536668466,34.184022905859,1.7448,-0.0016005028578811586,1.3014652161370037,下行
2026-05-22,1.3815469563805858,35.399848330987005,1.7519,-0.010828410304074332,1.2158254251280027,下行
2026-05-25,1.4019408720791295,36.077141523017,1.7484,0.020393915698543763,0.6772931920299925,下行
2026-05-26,1.4255078749751051,38.85053317299,1.7405,0.023567002895975575,2.773391649973,下行
2026-05-27,1.4627997148445786,41.614612626996994,1.7216,0.037291839869473487,2.764079454006996,下行
2026-05-28,1.4925953190831893,43.677955802759996,1.7193,0.029795604238610718,2.063343175763002,下行
2026-05-29,1.4859030725761642,41.772383535064,1.709,-0.006692246507025157,-1.9055722676959945,下行
2026-06-01,1.4613476606151379,38.887900693915,1.7009,-0.024555411961026286,-2.8844828411490013,下行
2026-06-02,1.46705098669545,38.611848605378,1.7036,0.005703326080312099,-0.2760520885369999,下行
2026-06-03,1.453634473183163,39.995382026053,1.7128,-0.01341651351228701,1.3835334206750005,下行
2026-06-04,1.451467257082062,39.943874503041,1.7081,-0.002167216101101044,-0.05150752301199901,下行
2026-06-05,1.4239405729645447,40.153304823813,1.7207,-0.02752668411751724,0.2094303207720003,下行
2026-06-08,1.4239797376169792,38.507951505119,1.7275,3.9164652434475755e-05,-1.6453533186939993,下行
2026-06-09,1.4287973731231363,39.556904267259995,1.7376,0.004817635506157103,1.048952762140992,下行
2026-06-10,1.4439638667619323,41.788734387895,1.7476,0.015166493638796075,2.231830120635003,下行
2026-06-11,1.4600113637847234,41.59091956313,1.7475,0.01604749702279107,-0.1978148247649969,下行
2026-06-12,1.4557574603813335,40.580749546755996,1.7427,-0.004253903403389936,-1.0101700163740048,下行
2026-06-15,1.4585393596027,41.225362491083004,1.7446,0.002781899221366624,0.6446129443270081,下行
2026-06-16,1.4786557226285177,40.052770349489,1.7324,0.020116363025817652,-1.1725921415940022,下行
2026-06-17,1.4798833430242906,39.994279598292,1.727,0.0012276203957728438,-0.05849075119699876,下行
2026-06-18,1.5195726386225223,42.3549907552,1.7299,0.039689295598231755,2.360711156907996,下行
2026-06-22,1.5727310901518863,43.086990990129,1.7375,0.05315845152936394,0.7320002349290036,下行
2026-06-23,1.5667338359772154,43.901627929083,1.7437,-0.005997254174670896,0.8146369389539956,下行
2026-06-24,1.5818463443011481,43.595086207714004,1.7454,0.015112508323932738,-0.30654172136899405,下行
2026-06-25,1.533848799458093,38.909859732224,1.7351,-0.047997544843055184,-4.685226475490005,下行
2026-06-26,1.5460525501324942,38.737352744867,1.7314,0.01220375067440127,-0.17250698735699643,下行
2026-06-29,1.5038720123949705,34.834633614382,1.717,-0.04218053773752373,-3.9027191304850035,下行
2026-06-30,1.4430354238772116,33.757095005654996,1.733,-0.06083658851775886,-1.0775386087270036,下行
2026-07-01,1.4363011394401677,35.223231765056,1.7448,-0.006734284437043936,1.466136759401003,下行
2026-07-02,1.4630507934626031,38.357523834733,1.741,0.026749654022435454,3.1342920696770022,下行
2026-07-03,1.4312291589015809,34.592648126416,1.7463,-0.03182163456102227,-3.7648757083169997,下行
2026-07-06,1.4318398640604748,33.913294491266,1.7379,0.0006107051588939427,-0.6793536351500009,下行
2026-07-07,1.448798064508515,33.570652947624,1.7406,0.016958200448040195,-0.34264154364200294,下行
2026-07-08,1.4783464016188552,33.494109307245,1.7385,0.029548337110340217,-0.07654364037900052,下行
2026-07-09,1.470653887338992,32.046797867978,1.7376,-0.007692514279863172,-1.447311439266997,下行
2026-07-10,1.458392499408284,31.586694944007,1.7398,-0.012261387930708079,-0.46010292397100017,下行
2026-07-13,1.47147894289063,33.908060361989,1.7442,0.01308644348234611,2.321365417982001,下行
2026-07-14,1.463034276435099,33.424844956892,1.7402,-0.008444666455531102,-0.483215405096999,下行
2026-07-15,1.4740270423942525,34.56710192833,1.7406,0.01099276595915355,1.1422569714379947,下行
2026-07-16,1.4609017028139117,34.189117285515,1.7437,-0.013125339580340789,-0.3779846428149938,下行
2026-07-17,1.4826231272883397,33.080977509319,1.7404,0.02172142447442793,-1.1081397761960048,下行
2026-07-20,1.4944339399279516,34.293343452007996,1.7453,0.011810812639611923,1.2123659426889972,下行
2026-07-21,1.4975716006647186,32.702489065002,1.745,0.003137660736767023,-1.5908543870059972,下行
2026-07-22,1.53092674887189,32.762327717884,1.7297,0.03335514820717145,0.059838652882000076,下行
2026-07-23,1.5300358846360471,34.32484140521,1.7325,-0.0008908642358429475,1.5625136873260033,下行
2026-07-24,1.5339814430998582,35.691166068925,1.7282,0.003945558463811061,1.3663246637149982,下行
2026-07-27,1.5296041055860121,35.674868930939,1.7337,-0.004377337513846058,-0.016297137986001076,下行
2026-07-28,1.5162882900712846,34.878990677805,1.7351,-0.013315815514727491,-0.7958782531339992,下行
2026-07-29,1.5056498124558102,34.55767519767,1.7329,-0.010638477615474429,-0.32131548013499867,下行
2026-07-30,1.49607894289063,34.978823740238,1.7196,-0.009570869565180162,0.42114854256799816,下行
2026-07-31,1.4685746066515923,33.651039692776,1.7141,-0.027504336239037697,-1.3277840474619964,下行
