date,A,B,spread_B
2022-08-31,,0.0368748941815235,
2022-09-01,,0.03542171405663131,
2022-09-02,,0.035633218026624905,
2022-09-05,,0.035783835187260395,
2022-09-06,,0.03581552099173554,
2022-09-07,,0.03572063147483073,
2022-09-08,,0.0356716271788339,
2022-09-09,,0.035487322612595046,
2022-09-13,,0.03546312278226985,
2022-09-14,,0.035466577879968826,
2022-09-15,,0.035480405005847954,
2022-09-16,,0.035560120675979294,
2022-09-19,,0.035608818875085595,
2022-09-20,,0.03567861955895325,
2022-09-21,,0.03572063147483073,
2022-09-22,,0.035633218026624905,
2022-09-23,,0.035560120675979294,
2022-09-26,,0.03557749759186865,
2022-09-27,,0.035608818875085595,
2022-09-28,,0.035539290770282145,
2022-09-29,,0.035647175417156285,
2022-09-30,,0.03566463753894386,
2022-10-10,,0.036146257110515334,
2022-10-11,,0.03674462050671243,
2022-10-12,,0.036778031456859976,
2022-10-13,,0.03672979067298961,
2022-10-14,,0.03666689719580983,
2022-10-17,,0.03672979067298961,
2022-10-18,,0.036726085084745765,
2022-10-19,,0.03685995902794654,
2022-10-20,,0.037047522426216166,
2022-10-21,,0.037320991937666595,
2022-10-24,,0.03768415686956522,
2022-10-25,,0.03813818285594552,
2022-10-26,,0.038102256160770356,
2022-10-27,,0.03782119016727273,
2022-10-28,,0.03770367222786122,
2022-10-31,,0.037903889562682216,
2022-11-01,,0.03774667724595604,
2022-11-02,,0.03747852932770514,
2022-11-03,,0.03733630311384615,
2022-11-04,,0.03668537290738688,
2022-11-07,,0.03689358015202189,
2022-11-08,,0.0370814867434043,
2022-11-09,,0.037275133663731315,
2022-11-10,,0.0373209919376666,
2022-11-11,,0.037153394096754444,
2022-11-14,,0.03729422757504354,
2022-11-15,,0.03749783223733004,
2022-11-16,,0.03856238933898305,
2022-11-17,,0.038501211566367,
2022-11-18,,0.03875534497604599,
2022-11-21,,0.03874297098339719,
2022-11-22,,0.038958578270547946,
2022-11-23,,0.03908406220313507,
2022-11-24,,0.039311982220302376,
2022-11-25,,0.03929925028176617,
2022-11-28,,0.039452579967486724,
2022-11-29,,0.03932897097666379,
2022-11-30,,0.03936299257785467,
2022-12-01,,0.0392188057918552,
2022-12-02,,0.03889613798055348,
2022-12-05,,0.038448347629911284,
2022-12-06,,0.038464597988165684,
2022-12-07,,0.03864836557596348,
2022-12-08,,0.03868121935607268,
2022-12-09,0.03580730148016994,0.03886291826198356,-0.003055616781813625
2022-12-12,0.03602416080513,0.039092456546391756,-0.003068295741261759
2022-12-13,0.03610132787575862,0.03935448166054054,-0.0032531537847819217
2022-12-14,0.03640022295896325,0.03946541146574155,-0.0030651885067782964
2022-12-15,0.03671743623093678,0.03946113337235772,-0.0027436971414209407
2022-12-16,0.03689157948923747,0.03955116855280313,-0.0026595890635656566
2022-12-19,0.037341144527326404,0.03973247711853307,-0.002391332591206663
2022-12-20,0.037507351402077116,0.040560329288022286,-0.0030529778859451698
2022-12-21,0.0373963829068047,0.041254414705349046,-0.0038580317985443466
2022-12-22,0.03749344433815347,0.041277804213629664,-0.0037843598754761926
2022-12-23,0.036770843410909054,0.040971182370287004,-0.00420033895937795
2022-12-26,0.03689157948923747,0.04107751696682465,-0.004185937477587179
2022-12-27,0.037382557996303106,0.04152263663282765,-0.004140078636524547
2022-12-28,0.03836108474203335,0.042181802475086905,-0.0038207177330535566
2022-12-29,0.03919372844186043,0.04276153592857982,-0.003567807486719393
2022-12-30,0.039224134747866526,0.04300401126520969,-0.003779876517343163
2023-01-03,0.03940756795791111,0.043383262466928856,-0.0039756945090177465
2023-01-04,0.03931563739502329,0.043502504225621415,-0.004186866830598122
2023-01-05,0.03934623322178985,0.043580624369687536,-0.004234391147897684
2023-01-06,0.0390725731761978,0.04294820143463898,-0.003875628258441184
2023-01-09,0.03914820727061553,0.042847099265536724,-0.003698891994921197
2023-01-10,0.039012275995370334,0.04295833789945717,-0.003946061904086834
2023-01-11,0.038892238223076886,0.04319280438538206,-0.004300566162305175
2023-01-12,0.03898219713955278,0.04315695973443984,-0.004174762594887055
2023-01-13,0.039254588268633504,0.04331615366016183,-0.004061565391528327
2023-01-16,0.03951536513481825,0.04342466364785876,-0.003909298513040511
2023-01-17,0.03945369464689813,0.04365379006595515,-0.004200095419057019
2023-01-18,0.039438307090483585,0.04341948417938932,-0.003981177088905732
2023-01-19,0.03945369464689813,0.04348171946488295,-0.004028024817984817
2023-01-20,0.03910279171693732,0.04314672933033069,-0.004043937613393368
2023-01-30,0.038967175098265854,0.042761535928579814,-0.00379436083031396
2023-01-31,0.03847786125570773,0.042016269085872575,-0.003538407830164847
2023-02-01,0.03815842240754713,0.04119372585266493,-0.0030353034451178
2023-02-02,0.0384339868415051,0.041245066322229774,-0.0028110794807246764
2023-02-03,0.038507166557501867,0.041231051688752976,-0.0027238851312511095
2023-02-06,0.03865436520642198,0.04121238031925733,-0.002558015112835349
2023-02-07,0.038507166557501867,0.0414045672611465,-0.00289740070364463
2023-02-08,0.038507166557501867,0.041428127388187096,-0.002920960830685229
2023-02-09,0.038172827248018085,0.041442276338797816,-0.0032694490907797316
2023-02-10,0.038201669580657314,0.04136222649244404,-0.0031605569117867244
2023-02-13,0.037872591528089854,0.0411518149853041,-0.0032792234572142434
2023-02-14,0.03761898042410711,0.04062369773016405,-0.0030047173060569407
2023-02-15,0.037661012804469235,0.04057841437520901,-0.002917401570739775
2023-02-16,0.03773127588805966,0.04086998488379926,-0.003138708995739599
2023-02-17,0.03780180163738314,0.040682717407241845,-0.0028809157698587023
2023-02-20,0.03785841234743539,0.040705462972157,-0.0028470506247216115
2023-02-21,0.03775945458551154,0.040614632975566216,-0.002855178390054676
2023-02-22,0.03780180163738314,0.04067817134428428,-0.0028763697069011385
2023-02-23,0.03791519286839142,0.0407784200022404,-0.0028632271338489765
2023-02-24,0.03815842240754713,0.041123921753276095,-0.0029654993457289627
2023-02-27,0.03836108474203335,0.04119372585266493,-0.002832641110631584
2023-02-28,0.03827396645722934,0.04129653492456041,-0.003022568467331073
2023-03-01,0.0383029618863636,0.04131997223155505,-0.0030170103451914523
2023-03-02,0.03825948519863788,0.041315282642151854,-0.0030557974435139745
2023-03-03,0.03825948519863788,0.04139515071184899,-0.0031356655132111083
2023-03-06,0.038043573882618476,0.041631856742909416,-0.003588282860290941
2023-03-07,0.03798640848234407,0.04187610207753365,-0.0038896935951895847
2023-03-08,0.03753519650334072,0.042167144139928184,-0.004631947636587461
2023-03-09,0.03773127588805966,0.04209400501387604,-0.004362729125816381
2023-03-10,0.03757704176142695,0.04209887306117729,-0.00452183129975034
2023-03-13,0.03767504447839042,0.04190984979967764,-0.00423480532128722
2023-03-14,0.03788678133383286,0.04187128541062802,-0.00398450407679516
2023-03-15,0.03797214396545247,0.04195815529737206,-0.003986011331919594
2023-03-16,0.038201669580657314,0.04202597037173862,-0.0038243007910813073
2023-03-17,0.037929414621155254,0.04213298094444445,-0.004203566323289193
2023-03-20,0.03802926640842419,0.04229452252352736,-0.004265256115103172
2023-03-21,0.038187242968277905,0.04241278752883607,-0.004225544560558167
2023-03-22,0.038216107097505635,0.04255657649754501,-0.004340469400039376
2023-03-23,0.03823055553119089,0.04254662872370266,-0.004316073192511774
2023-03-24,0.038100911597588515,0.04263133333645626,-0.0045304217388677445
2023-03-27,0.03801496969172929,0.04258146629547315,-0.004566496603743864
2023-03-28,0.038144028434552966,0.04273141863599014,-0.004587390201437176
2023-03-29,0.03837564302846297,0.04294820143463898,-0.004572558406176014
2023-03-30,0.03808656097175138,0.04307015562707052,-0.00498359465531914
2023-03-31,0.03788678133383286,0.04262135058658237,-0.00473456925274951
2023-04-03,0.03801496969172929,0.0425864477491811,-0.004571478057451811
2023-04-04,0.038172827248018085,0.04254662872370266,-0.004373801475684579
2023-04-06,0.038201669580657314,0.043034514169523586,-0.004832844588866271
2023-04-07,0.038172827248018085,0.04284205665058256,-0.004669229402564479
2023-04-10,0.038332001281273655,0.04293806975230007,-0.004606068471026417
2023-04-11,0.03839021236902047,0.043065060376197804,-0.004674848007177337
2023-04-12,0.03840479277630076,0.04328010407323742,-0.004875311296936663
2023-04-13,0.038907202531742936,0.04331615366016183,-0.004408951128418895
2023-04-14,0.0390574814136732,0.043336780400000004,-0.004279298986326806
2023-04-17,0.03881758901343566,0.04304469142249025,-0.004227102409054585
2023-04-18,0.03872838735350437,0.04272138896373665,-0.003993001610232284
2023-04-19,0.0387135602526799,0.042993853237274116,-0.004280292984594217
2023-04-20,0.03887728542099189,0.043039602194372195,-0.0041623167733803035
2023-04-21,0.03899723076745079,0.043121174527363186,-0.004123943759912395
2023-04-24,0.03858062547882484,0.04304469142249025,-0.004464065943665406
2023-04-25,0.03866914699043973,0.04304469142249025,-0.0043755444320505155
2023-04-26,0.03869874450057402,0.04375873967544176,-0.005059995174867743
2023-04-27,0.038847414283518976,0.044146126044142614,-0.005298711760623638
2023-04-28,0.03911791852224368,0.044291149210366226,-0.005173230688122546
2023-05-04,0.039546272733672234,0.04477600926937269,-0.005229736535700455
2023-05-05,0.03976398717263071,0.04533361835118307,-0.005569631178552359
2023-05-08,0.03996830805533593,0.0458243901510574,-0.005856082095721471
2023-05-09,0.039810952511810986,0.04535621173187142,-0.005545259220060432
2023-05-10,0.038892238223076886,0.04437213010238908,-0.005479891879312193
2023-05-11,0.0385659112814645,0.04425345919766594,-0.005687547916201442
2023-05-12,0.03880269354566382,0.044231950833535844,-0.005429257287872025
2023-05-15,0.03942293153216371,0.0445240894520548,-0.005101157919891089
2023-05-16,0.039224134747866526,0.0445676977668952,-0.005343563019028677
2023-05-17,0.039254588268633504,0.044486002121471344,-0.005231413852837839
2023-05-18,0.039438307090483585,0.044649694021832456,-0.005211386931348871
2023-05-19,0.03946909421545664,0.04496405081027668,-0.005494956594820036
2023-05-22,0.03962375367554855,0.04509215351913787,-0.005468399843589315
2023-05-23,0.03965483112941173,0.04524346947054437,-0.005588638341132636
2023-05-24,0.03992097093564939,0.04545816125874126,-0.00553719032309187
2023-05-25,0.03998411205219451,0.04576677839577571,-0.005782666343581204
2023-05-26,0.03992097093564939,0.04594584820901174,-0.0060248772733623515
2023-05-29,0.04009509095162566,0.04585902687830688,-0.005763935926681223
2023-05-30,0.04048031200160124,0.046073782478167326,-0.005593470476566088
2023-05-31,0.041307115759803885,0.04643818795254497,-0.005131072192741087
2023-06-01,0.04173331381758147,0.04685057340540541,-0.005117259587823941
2023-06-02,0.04175054474814199,0.04686866941676323,-0.0051181246686212364
2023-06-05,0.04261265039190893,0.04789224514669123,-0.005279594754782298
2023-06-06,0.04295659276975357,0.048343818772908366,-0.005387226003154798
2023-06-07,0.04230954785774054,0.04813924297275853,-0.005829695115017991
2023-06-08,0.04139165754400324,0.04717234098224699,-0.0057806834382437555
2023-06-09,0.04118933579633397,0.04714790252039892,-0.005958566724064945
2023-06-12,0.041476546095159925,0.047344122169332814,-0.005867576074172889
2023-06-13,0.04123973057911905,0.04765400646157874,-0.006414275882459693
2023-06-14,0.04139165754400324,0.047685218150379884,-0.006293560606376647
2023-06-15,0.041459540541205375,0.04751715903406866,-0.006057618492863286
2023-06-16,0.04135779933742328,0.0472887705066251,-0.005930971169201819
2023-06-19,0.04171609710396036,0.04733796558647595,-0.005621868482515585
2023-06-20,0.041698894589690685,0.047331810604602786,-0.005632916014912101
2023-06-21,0.041698894589690685,0.047362601530054636,-0.005663706940363951
2023-06-26,0.04194102836167561,0.04782932011036658,-0.005888291748690967
2023-06-27,0.04175054474814199,0.04757926484903934,-0.0058287201008973485
2023-06-28,0.04127339566530608,0.047754027988980714,-0.006480632323674636
2023-06-29,0.0410056039659367,0.04792376979462876,-0.006918165828692056
2023-06-30,0.04123973057911905,0.04791746154534684,-0.006677730966227792
2023-07-03,0.04173331381758147,0.04805662777029703,-0.006323313952715563
2023-07-04,0.04166453208899872,0.04818384584513567,-0.0065193137561369505
2023-07-05,0.04239824711949682,0.04833739946355066,-0.005939152344053837
2023-07-06,0.04144254892622947,0.04775402798898072,-0.00631147906275125
2023-07-07,0.04075768616686816,0.04692909054531391,-0.006171404378445752
2023-07-10,0.04098898231860555,0.04695330263897846,-0.005964320320372911
2023-07-11,0.0411056176341463,0.04695330263897846,-0.005847685004832161
2023-07-12,0.04123973057911905,0.047129590284826516,-0.005889859705707469
2023-07-13,0.04079056852763207,0.04686866941676323,-0.0060781008891311605
2023-07-14,0.04043175504997997,0.04656888260969682,-0.006137127559716848
2023-07-17,0.039810952511810986,0.0460039119625932,-0.006192959450782215
2023-07-18,0.038862344112221336,0.04515927991068106,-0.0062969357984597255
2023-07-19,0.039224134747866526,0.04569783521968366,-0.006473700471817133
2023-07-20,0.03960823320799056,0.04589950263018535,-0.006291269422194788
2023-07-21,0.03913305703560368,0.04542979600149757,-0.006296738965893889
2023-07-24,0.03875807565350706,0.045260345065274155,-0.006502269411767098
2023-07-25,0.03863959471914402,0.044836673895799976,-0.006197079176655955
2023-07-26,0.03858062547882484,0.044589533973542386,-0.006008908494717545
2023-07-27,0.03869874450057402,0.044803563736615384,-0.0061048192360413644
2023-07-28,0.03849250832889224,0.04453498352826034,-0.006042475199368097
2023-07-31,0.03836108474203335,0.04406596723883307,-0.005704882496799721
2023-08-01,0.038317476081849156,0.0445023172811736,-0.006184841199324442
2023-08-02,0.03836108474203335,0.0445023172811736,-0.00614123253914025
2023-08-03,0.0383029618863636,0.04468257706640481,-0.006379615180041216
2023-08-04,0.038521835954285676,0.044594996368981996,-0.00607316041469632
2023-08-07,0.03846322532521868,0.0445240894520548,-0.006060864126836117
2023-08-08,0.03836108474203335,0.04435591024247593,-0.0059948255004425785
2023-08-09,0.03847786125570773,0.04418363337298216,-0.005705772117274431
2023-08-10,0.038551208303469274,0.04392771272595632,-0.005376504422487043
2023-08-11,0.038521835954285676,0.04399673137055838,-0.005474895416272704
2023-08-14,0.03846322532521868,0.044055301386905485,-0.005592076061686803
2023-08-15,0.0383029618863636,0.04392241256756756,-0.005619450681203966
2023-08-16,0.03836108474203335,0.04400204948144567,-0.005640964739412321
2023-08-17,0.038332001281273655,0.0440446406969147,-0.005712639415641048
2023-08-18,0.037844243779940084,0.043816677342320656,-0.005972433562380572
2023-08-21,0.03767504447839042,0.04394362087880251,-0.00626857640041209
2023-08-22,0.039027332836742534,0.0444479798974359,-0.005420647060693368
2023-08-23,0.03914820727061553,0.04462232843343957,-0.005474121162824044
2023-08-24,0.03844860052471479,0.04425345919766594,-0.005804858672951149
2023-08-25,0.03863959471914402,0.044108682340966925,-0.005469087621822903
2023-08-28,0.03869874450057402,0.043917113688020266,-0.0052183691874462465
2023-08-29,0.0390725731761978,0.0440979958037553,-0.005025422627557501
2023-08-30,0.0390574814136732,0.0441782712815534,-0.005120789867880199
2023-08-31,0.03923935559953431,0.044285760992700735,-0.005046405393166427
2023-09-01,0.03956174467136146,0.04442628207957042,-0.004864537408208955
2023-09-04,0.03940756795791111,0.04472100188697789,-0.005313433929066781
2023-09-05,0.03946909421545664,0.044831152137931034,-0.005362057922474392
2023-09-06,0.03946909421545664,0.04474848867363245,-0.0052793944581758095
2023-09-07,0.03898219713955278,0.044704526017438295,-0.005722328877885513
2023-09-08,0.039224134747866526,0.04457315481327293,-0.0053490200654064055
2023-09-11,0.03898219713955278,0.0444479798974359,-0.00546578275788312
2023-09-12,0.03910279171693732,0.044345103588744064,-0.005242311871806744
2023-09-13,0.03911791852224368,0.04441544111273792,-0.005297522590494243
2023-09-14,0.03911791852224368,0.04443712833984375,-0.005319209817600069
2023-09-15,0.03913305703560368,0.0446277988672306,-0.0054947418316269245
2023-09-18,0.039269832768932,0.044787026988188976,-0.005517194219256977
2023-09-19,0.03928508911421908,0.04475399008605852,-0.005468900971839441
2023-09-20,0.039300357318305446,0.04469903675834971,-0.005398679440044261
2023-09-21,0.03936154899961071,0.044666129492024545,-0.005304580492413835
2023-09-22,0.039254588268633504,0.045025226389610394,-0.00577063812097689
2023-09-25,0.039269832768932,0.044975161275018535,-0.005705328506086536
2023-09-26,0.03940756795791111,0.04494739540190147,-0.0055398274439903625
2023-09-27,0.03937687670560744,0.04491412157433683,-0.005537244868729391
2023-09-28,0.039392216353720255,0.0448201127013051,-0.005427896347584844
2023-10-09,0.03934623322178985,0.04494739540190147,-0.00560116218011162
2023-10-10,0.039300357318305446,0.04499739868479605,-0.005697041366490602
2023-10-11,0.03936154899961071,0.04504193953971789,-0.005680390540107182
2023-10-12,0.03931563739502329,0.04495849763616154,-0.005642860241138248
2023-10-13,0.03931563739502329,0.04513128630795934,-0.005815648912936046
2023-10-16,0.03951536513481825,0.04551499816954239,-0.0059996330347241375
2023-10-17,0.04012691245238092,0.04594004989399293,-0.005813137441612014
2023-10-18,0.04069208023340037,0.046337697983706724,-0.005645617750306357
2023-10-19,0.04102223909939145,0.046622560881147544,-0.005600321781756096
2023-10-20,0.04168170625721348,0.0472887705066251,-0.005607064249411618
2023-10-23,0.04222121894780789,0.047766560209946206,-0.005545341262138313
2023-10-24,0.04163022617538078,0.046947247273665206,-0.005317021098284427
2023-10-25,0.041459540541205375,0.04640267117399618,-0.004943130632790803
2023-10-26,0.04168170625721348,0.046497503558564315,-0.004815797301350837
2023-10-27,0.04168170625721348,0.04652127225047924,-0.004839565993265758
2023-10-30,0.0419062658019063,0.04670630682063125,-0.00480004101872495
2023-10-31,0.042045662943866906,0.04677231856096621,-0.004726655617099305
2023-11-01,0.04250517838587638,0.04702608905309392,-0.004520910667217541
2023-11-02,0.04263061525295106,0.04719680479190976,-0.004566189538958702
2023-11-03,0.04250517838587638,0.0473133552586431,-0.004808176872766724
2023-11-06,0.042045662943866906,0.04715400976165803,-0.005108346817791126
2023-11-07,0.04195843127800826,0.04712348936699028,-0.005165058088982023
2023-11-08,0.04137472151391158,0.04663450619523444,-0.005259784681322856
2023-11-09,0.04090607580097084,0.046237641986536265,-0.005331566185565427
2023-11-10,0.04142557123310115,0.046450038963889245,-0.0050244677307880944
2023-11-13,0.04176778991325895,0.04659868860215053,-0.004830898688891583
2023-11-14,0.04194102836167561,0.04643818795254497,-0.004497159590869361
2023-11-15,0.042133258074999964,0.04653316571136392,-0.004399907636363956
2023-11-16,0.04223885521303254,0.04661659051863235,-0.00437773530559981
2023-11-17,0.04223885521303254,0.04652127225047924,-0.004282417037446695
2023-11-20,0.0423272580075345,0.046473759142091155,-0.004146501134556654
2023-11-21,0.04261265039190893,0.04650938486776543,-0.003896734475856499
2023-11-22,0.0431398546843003,0.04658080042994242,-0.0034409457456421183
2023-11-23,0.0441185948429319,0.04675429686103263,-0.002635702018100726
2023-11-24,0.04492217653487335,0.04680840367236724,-0.0018862271374938885
2023-11-27,0.04588013583484569,0.04776029327735503,-0.001880157442509342
2023-11-28,0.04602631742375963,0.04759170549875801,-0.0015653880749983834
2023-11-29,0.045549468189189146,0.04759170549875801,-0.002042237309568866
2023-11-30,0.044253750275711115,0.04724580861258923,-0.0029920583368781145
2023-12-01,0.04339906411158794,0.04717234098224699,-0.003773276870659051
2023-12-04,0.044041733179442474,0.04689886052048441,-0.0028571273410419387
2023-12-05,0.04538591534111306,0.04713569278259744,-0.0017497774414843778
2023-12-06,0.045243767060402645,0.04727648770909091,-0.0020327206486882646
2023-12-07,0.04530457857526877,0.047691465394995414,-0.0023868868197266455
2023-12-08,0.04520331666517653,0.048343818772908366,-0.0031405021077318337
2023-12-11,0.04526401941808411,0.0486409614323891,-0.0033769420143049886
2023-12-12,0.0451025064139161,0.04871255926134083,-0.00361005284742473
2023-12-13,0.045447109833707824,0.04863446297394789,-0.0031873531402400665
2023-12-14,0.04538591534111306,0.048797447099195715,-0.0034115317580826546
2023-12-15,0.044842491964523244,0.04881707863215771,-0.003974586667634464
2023-12-18,0.04454617593832595,0.04862147126485909,-0.00407529532653314
2023-12-19,0.044506962755281654,0.04916652557536467,-0.004659562820083014
2023-12-20,0.04381274669844017,0.04904067834568234,-0.005227931647242168
2023-12-21,0.042974848865278324,0.04844031342115768,-0.005465464555879353
2023-12-22,0.0423272580075345,0.04791746154534685,-0.005590203537812352
2023-12-25,0.042756794663847734,0.04782932011036658,-0.005072525446518844
2023-12-26,0.04321359802564099,0.04808836926816381,-0.004874771242522821
2023-12-27,0.04377481358441554,0.04826689941129674,-0.004492085826881202
2023-12-28,0.04388881049479163,0.04806931933975967,-0.004180508844968039
2023-12-29,0.042811100499576586,0.04756683070168562,-0.004755730202109031
2024-01-02,0.04288372323155212,0.048043942900884255,-0.005160219669332132
2024-01-03,0.0428473810932203,0.04812651445795874,-0.005279133364738439
2024-01-04,0.04358612904310341,0.048537194048,-0.004951065004896588
2024-01-05,0.0436802675507559,0.048504857476349104,-0.004824589925593203
2024-01-08,0.04417641737876798,0.04862147126485909,-0.004445053886091115
2024-01-09,0.04528428991491263,0.0495344884147503,-0.004250198499837668
2024-01-10,0.046901585983302366,0.05070747393230255,-0.003805887949000185
2024-01-11,0.04767553954738327,0.05114202800786738,-0.003466488460484113
2024-01-12,0.04379446913528761,0.05162798969791519,-0.00783352056262758
2024-01-15,0.04649170662239582,0.05111330459983151,-0.004621597977435686
2024-01-16,0.04579993674448433,0.05016937091510474,-0.004369434170620412
2024-01-17,0.045537087981124845,0.048987882567622126,-0.0034507945864972814
2024-01-18,0.045976861558073644,0.049574963279313634,-0.0035981017212399907
2024-01-19,0.045823448005646805,0.04904067834568234,-0.003217230340035536
2024-01-22,0.04617903606570097,0.04947389988583854,-0.003294863820137571
2024-01-23,0.04643124926657996,0.049406752899022806,-0.0029755036324428455
2024-01-24,0.046619180945293104,0.04914661203726205,-0.002527431091968943
2024-01-25,0.046143229110881354,0.048738647122774134,-0.0025954180118927805
2024-01-26,0.045870543019013346,0.04875170153475292,-0.002881158515739571
2024-01-29,0.04585876019265346,0.04874517345474023,-0.0028864132620867664
2024-01-30,0.04586465084906871,0.04892204748824083,-0.003057396639172122
2024-01-31,0.04596502405509782,0.04885638912360757,-0.0028913650685097464
2024-02-01,0.04604207696453899,0.04886294702818792,-0.0028208700636489295
2024-02-02,0.04607772704348947,0.048790906763168475,-0.002713179719679007
2024-02-05,0.04616112564447316,0.049319733824685005,-0.0031586081802118457
2024-02-06,0.04610152444932213,0.048849832979066025,-0.0027483085297438925
2024-02-07,0.04604801481299973,0.04876476294172807,-0.0027167481287283385
2024-02-08,0.045484879854777054,0.04829891937906329,-0.0028140395242862368
2024-02-19,0.04399412356579595,0.04653316571136393,-0.0025390421455679796
2024-02-20,0.04452073651620946,0.046384933149847096,-0.001864196633637634
2024-02-21,0.0445429524525948,0.04638493314984709,-0.0018419806972522906
2024-02-22,0.0443713566372561,0.045992287474415666,-0.0016209308371595635
2024-02-23,0.04244606596053256,0.04537882764397906,-0.0029327616834465
2024-02-26,0.04184907487810594,0.04463874375965665,-0.0027896688815507095
2024-02-27,0.042125567114204794,0.045025226389610394,-0.0028996592754056
2024-02-28,0.04215043169165386,0.04531668808166314,-0.003166256390009281
2024-02-29,0.04215540812987012,0.04482563173993351,-0.002670223610063388
2024-03-01,0.04151334808278106,0.044065967238833076,-0.0025526191560520176
2024-03-04,0.04119246733502537,0.043218444183782505,-0.002025976848757133
2024-03-05,0.04124957334334564,0.043512904059287594,-0.0022633307159419525
2024-03-06,0.04151334808278106,0.0440979958037553,-0.002584647720974241
2024-03-07,0.041878525317851266,0.04442628207957042,-0.0025477567617191513
2024-03-08,0.04173168616877044,0.04425883955744681,-0.002527153388676373
2024-03-11,0.04158103026202398,0.04414077305201892,-0.0025597427899949413
2024-03-12,0.041566508365541315,0.04426960420284568,-0.0027030958373043673
2024-03-13,0.041658652066269966,0.04451864441237618,-0.002859992346106212
2024-03-14,0.041644075910893384,0.04442628207957042,-0.002782206168677033
2024-03-15,0.04166351305250874,0.044355910242475934,-0.002692397189967194
2024-03-18,0.041814768340555086,0.04425345919766594,-0.002438690857110855
2024-03-19,0.04179518984665807,0.04430732173320351,-0.002512131886545435
2024-03-20,0.04172193349614395,0.0446332706424718,-0.0029113371463278526
2024-03-21,0.042350410017791475,0.04474848867363245,-0.0023980786558409767
2024-03-22,0.0423856014791073,0.045749523106698504,-0.003363921627591207
2024-03-25,0.04263358887880596,0.04634359711775939,-0.003710008238953434
2024-03-26,0.04246120904507074,0.04595164798788185,-0.0034904389428111124
2024-03-27,0.0419424770186773,0.045125691751580516,-0.003183214732903214
2024-03-28,0.04207096817014256,0.0453223300996016,-0.0032513619294590387
2024-03-29,0.042095768316434794,0.045424127197404546,-0.003328358880969752
2024-04-01,0.04191785710965014,0.045271602457405795,-0.003353745347755656
2024-04-02,0.04203629701671766,0.04515927991068106,-0.0031229828939633997
2024-04-03,0.04202145543839001,0.04528286545092673,-0.003261410012536721
2024-04-08,0.041494050768158035,0.04546951728203847,-0.003975466513880435
2024-04-09,0.041605255984618957,0.04538448514649047,-0.0037792291618715113
2024-04-10,0.042011566873749843,0.04520414197938657,-0.0031925751056367246
2024-04-11,0.04202145543839001,0.044584072916105326,-0.002562617477715315
2024-04-12,0.042305249627962074,0.0446332706424718,-0.0023280210145097263
2024-04-15,0.04245616014982163,0.044880896974479105,-0.002424736824657478
2024-04-16,0.04251176412191927,0.045030796061355766,-0.0025190319394364988
2024-04-17,0.042295227062307504,0.044781517451101,-0.0024862903887934926
2024-04-18,0.04224518538334121,0.04493629864954944,-0.002691113266208231
2024-04-19,0.04221022660598178,0.04494739540190147,-0.0027371687959196894
2024-04-22,0.0421852914532136,0.04452953582385321,-0.0023442443706396116
2024-04-23,0.04201156687374984,0.044108682340966925,-0.002097115467217088
2024-04-24,0.04180008275111213,0.04425345919766594,-0.002453376446553808
2024-04-25,0.041349890777070054,0.04374296507570295,-0.002393074298632898
2024-04-26,0.04123052042263278,0.04338843329678188,-0.0021579128741490983
2024-04-29,0.04130205978716019,0.04369570944184372,-0.0023936496546835273
2024-04-30,0.041393033487131914,0.04398078474809714,-0.002587751260965228
2024-05-06,0.041201974020309236,0.044018011530834344,-0.0028160375105251087
2024-05-07,0.04089992060252003,0.04365379006595515,-0.0027538694634351157
2024-05-08,0.040736600896748416,0.04365379006595515,-0.0029171891692067325
2024-05-09,0.040441307833276686,0.043627631275167784,-0.003186323441891098
2024-05-10,0.040625362027534404,0.04354934266778323,-0.002923980640248826
2024-05-13,0.040473396832917695,0.04354413341626794,-0.0030707365833502476
2024-05-14,0.040105167568235414,0.04370620186817145,-0.0036010342999360373
2024-05-15,0.040145750715088815,0.04377979018159952,-0.0036340394665107037
2024-05-16,0.03989455942569831,0.04376400040394326,-0.003869440978244945
2024-05-17,0.04002424692971639,0.04363809102853033,-0.003613844098813941
2024-05-20,0.040069162480080786,0.04374296507570296,-0.0036738025956221734
2024-05-21,0.0399973459011986,0.04395954055790364,-0.00396219465670504
2024-05-22,0.040150265024176304,0.04394362087880251,-0.0037933558546262083
2024-05-23,0.04056075279563784,0.04394892615718943,-0.0033881733615515885
2024-05-24,0.04022263229244113,0.04375873967544176,-0.003536107383000635
2024-05-27,0.04029980890067719,0.04385891028433735,-0.003559101383660161
2024-05-28,0.04029526090283263,0.04394362087880251,-0.003648359975969885
2024-05-29,0.040523925418227205,0.043917113688020266,-0.0033931882697930613
2024-05-30,0.040704093349293195,0.04400736887814313,-0.0033032755288499374
2024-05-31,0.04041384344765137,0.043970160086967025,-0.003556316639315653
2024-06-03,0.0404550540290052,0.04356497790330302,-0.003109923874297822
2024-06-04,0.04019093953849616,0.04366950040307102,-0.0034785608645748617
2024-06-05,0.040150265024176304,0.04340395318469059,-0.003253688160514287
2024-06-06,0.04014123742102303,0.04322357579672287,-0.0030823383756998363
2024-06-07,0.040168332417594765,0.04309564997750681,-0.002927317559912046
2024-06-11,0.04011417895292663,0.04314161594690685,-0.003027436993980226
2024-06-12,0.04011868616404493,0.04314672933033069,-0.003028043166285757
2024-06-13,0.04006466638913823,0.04261137251082758,-0.002546706121689356
2024-06-14,0.03988119142857142,0.0422601527002554,-0.0023789612716839798
2024-06-17,0.039957062092658896,0.04222094123869172,-0.002263879146032821
2024-06-18,0.039752427840124685,0.0422601527002554,-0.0025077248601307126
2024-06-19,0.03983669606828069,0.042289609126394054,-0.0024529130581133624
2024-06-20,0.039761281387527825,0.04241278752883607,-0.0026515061413082477
2024-06-21,0.03950611936932948,0.042225838691567104,-0.002719719322237621
2024-06-24,0.03931472218233868,0.04220625569391304,-0.002891533511574361
2024-06-25,0.03920249306763284,0.04220136278228611,-0.0029988697146532683
2024-06-26,0.03919818935777801,0.0420502431974125,-0.002852053839634487
2024-06-27,0.038335442007730286,0.041207715118858956,-0.0028722731111286703
2024-06-28,0.038617381230802494,0.04136222649244404,-0.0027448452616415445
2024-07-01,0.03851740095577129,0.041207715118858956,-0.0026903141630876676
2024-07-02,0.038179673530795544,0.040605572265476855,-0.0024258987346813116
2024-07-03,0.03799279706958926,0.040317748960017726,-0.002324951890428466
2024-07-04,0.037996840146855365,0.04054226031406616,-0.0025454201672107934
2024-07-05,0.037932253995538075,0.04062369773016405,-0.002691443734625973
2024-07-08,0.038417937041101774,0.04090212981573034,-0.002484192774628566
2024-07-09,0.03842620607619456,0.04115646753646128,-0.0027302614602667183
2024-07-10,0.03794837994048251,0.040842472271962305,-0.002894092331479796
2024-07-11,0.03796451960233917,0.04099886871945039,-0.003034349117111222
2024-07-12,0.037703939478352676,0.04082415110014579,-0.0031202116217931147
2024-07-15,0.03700065356062175,0.039911079416730624,-0.0029104258561088725
2024-07-16,0.03717400383758458,0.03972380569183763,-0.0025498018542530476
2024-07-17,0.037170133964189035,0.03987610421294775,-0.002705970248758717
2024-07-18,0.03704672202324132,0.03956836471304348,-0.0025216426898021574
2024-07-19,0.03723214878623565,0.039503956088985354,-0.002271807302749701
2024-07-22,0.03753745866904961,0.03966753354691076,-0.0021300748778611475
2024-07-23,0.03773980624246907,0.03955546619145931,-0.0018156599489902378
2024-07-24,0.0377997360639424,0.039282287186791845,-0.0014825511228494445
2024-07-25,0.037672115093901656,0.038896137980553476,-0.0012240228866518196
2024-07-26,0.0372011155303188,0.03827854420189274,-0.0010774286715739406
2024-07-29,0.0373255599895463,0.03857056106802289,-0.0012450010784765889
2024-07-30,0.03712761847353643,0.03821826302992126,-0.0010906445563848288
2024-07-31,0.03711218239891902,0.038222275867282655,-0.001110093468363632
2024-08-01,0.03717400383758458,0.03827854420189274,-0.001104540364308161
2024-08-02,0.03706979930024916,0.0379275844300896,-0.0008577851298404437
2024-08-05,0.036825114156353124,0.037298048704918034,-0.00047293454856491
2024-08-06,0.03661364918580802,0.03751715504070906,-0.0009035058549010377
2024-08-07,0.03588505596582914,0.03697226847044485,-0.0010872125046157144
2024-08-08,0.03598269745641438,0.037210360355719105,-0.0012276628993047253
2024-08-09,0.03588144978997085,0.03747081372722594,-0.0015893639372550894
2024-08-12,0.035870635609805086,0.037836914599314,-0.001966278989508914
2024-08-13,0.03614296050814859,0.03772320780932643,-0.0015802473011778395
2024-08-14,0.035613036790345096,0.037062609993891264,-0.0014495732035461686
2024-08-15,0.035609485076293995,0.03731334105781058,-0.0017038559815165874
2024-08-16,0.03591031950719097,0.03734396341403364,-0.0014336439068426687
2024-08-19,0.03636751954165817,0.03750555896970946,-0.0011380394280512893
2024-08-20,0.036415737568587445,0.03806639708877967,-0.0016506595201922283
2024-08-21,0.036806134095454066,0.038775985871325094,-0.0019698517758710288
2024-08-22,0.03660238922193746,0.03791178456154968,-0.0013093953396122182
2024-08-23,0.036319429036720564,0.03770367222786122,-0.0013842431911406522
2024-08-26,0.03650882483231083,0.037825120049875316,-0.0013162952175644893
2024-08-27,0.03652002729467116,0.03788416644395879,-0.0013641391492876312
2024-08-28,0.03671152651244087,0.037789780479601374,-0.0010782539671605057
2024-08-29,0.03692412687280247,0.03807435993724506,-0.0011502330644425907
2024-08-30,0.037042878603589575,0.038339015835703004,-0.0012961372321134285
2024-09-02,0.03674552916126375,0.037903889562682216,-0.001158360401418465
2024-09-03,0.03694322885256077,0.03814217889354569,-0.001198950040984921
2024-09-04,0.036905044636692495,0.03866067920135939,-0.0017556345646668955
2024-09-05,0.036730409099886834,0.03839967883544304,-0.0016692697355562072
2024-09-06,0.03654245285641182,0.03813418765556254,-0.0015917347991507222
2024-09-09,0.03654245285641182,0.03795526591179231,-0.0014128130553804907
2024-09-10,0.03674931112186084,0.03811422420270128,-0.0013649130808404408
2024-09-11,0.03692794568828213,0.03838753088263208,-0.0014595851943499522
2024-09-12,0.03705825706901919,0.03866067920135939,-0.0016024221323402005
2024-09-13,0.03699681969329602,0.03897943627369097,-0.001982616580394954
2024-09-18,0.03691267516385815,0.03913448240808429,-0.0022218072442261386
2024-09-19,0.03784781713589144,0.03924840489056604,-0.0014005877546745954
2024-09-20,0.0385381874646519,0.03928652658752428,-0.0007483391228723796
2024-09-23,0.03842207111374151,0.03930349334484992,-0.00088142223110841
2024-09-24,0.03804947856564364,0.03899613876379218,-0.0009466601981485412
2024-09-25,0.037707921307424216,0.03853789491424942,-0.0008299736068252059
2024-09-26,0.037380266631072016,0.0379236332284613,-0.0005433665973892804
2024-09-27,0.03750985469692193,0.03852158257777778,-0.0010117278808558505
2024-09-30,0.038106329440768395,0.0391134581884603,-0.0010071287476919044
2024-10-08,0.038558996421166294,0.03963729914634147,-0.0010783027251751731
2024-10-09,0.03912945828602739,0.04025978272063703,-0.001130324434609642
2024-10-10,0.03890773748065816,0.040470145120622567,-0.0015624076399644096
2024-10-11,0.03874308885199652,0.03954687184790875,-0.0008037829959122306
2024-10-14,0.039155204173703245,0.03973681425171924,-0.0005816100780159927
2024-10-15,0.03970380372067162,0.04017536203068094,-0.0004715583100093207
2024-10-16,0.0399973459011986,0.04030435732506643,-0.0003070114238678326
2024-10-17,0.039761281387527825,0.039880472760736196,-0.00011919137320837159
2024-10-18,0.039384106205603335,0.03974115233187773,-0.00035704612627439347
2024-10-21,0.03937541981252756,0.03989795652783867,-0.000522536715311106
2024-10-22,0.039358058516313923,0.04001637411894031,-0.0006583156026263859
2024-10-23,0.03928692685704741,0.04007805299570626,-0.0007911261386588514
2024-10-24,0.03960439697306396,0.040153204870946396,-0.0005488078978824334
2024-10-25,0.03947149631208052,0.04016649623303542,-0.0006949999209548974
2024-10-28,0.03966449469229471,0.04008687978856954,-0.00042238509627483267
2024-10-29,0.039604396973063956,0.04014877637145693,-0.0005443793983929759
2024-10-30,0.03977178664750633,0.04028205769171185,-0.0005102710442055208
2024-10-31,0.03975162521459951,0.040506170619784135,-0.0007545454051846243
2024-11-01,0.03977178664750633,0.040696361694801564,-0.0009245750472952341
2024-11-04,0.039637762092670586,0.04051518701836394,-0.000877424925693357
2024-11-05,0.03934277414834016,0.04049715823339638,-0.0011543840850562204
2024-11-06,0.03916592325314242,0.040560329288022286,-0.0013944060348798637
2024-11-07,0.03891969857225576,0.0405919887778769,-0.001672290205621138
2024-11-08,0.03849617378825069,0.040273144746100234,-0.0017769709578495455
2024-11-11,0.03781852230849609,0.03938854743129193,-0.0015700251227958387
2024-11-12,0.037679205256666924,0.03858691492050032,-0.0009077096638333976
2024-11-13,0.03774267896999838,0.03855013823573017,-0.0008074592657317872
2024-11-14,0.03786722221649899,0.039092456546391756,-0.0012252343298927645
2024-11-15,0.038026366769578906,0.03932897097666379,-0.0013026042070848828
2024-11-18,0.03772754679175686,0.03946113337235772,-0.0017335865806008613
2024-11-19,0.037937448479277526,0.03958127164945091,-0.001643823170173385
2024-11-20,0.037964999277011205,0.03960711079969535,-0.0016421115226841476
2024-11-21,0.03804789228853306,0.03958557583297086,-0.0015376835444377984
2024-11-22,0.0379405077042174,0.0394910995183337,-0.0015505918141162991
2024-11-25,0.03802944035240865,0.039461133372357717,-0.001431693019949068
2024-11-26,0.03792827376380491,0.039499669635416665,-0.0015713958716117582
2024-11-27,0.03788246666988727,0.03940560244208703,-0.0015231357721997643
2024-11-28,0.03791299242868654,0.03935873665909828,-0.001445744230411744
2024-11-29,0.03790077622361848,0.03915974132530121,-0.0012589651016827255
2024-12-02,0.03786417479800417,0.039079866383252816,-0.001215691585248646
2024-12-03,0.03769429867328953,0.038775985871325094,-0.001081687198035565
2024-12-04,0.03777297977199742,0.03880492008954269,-0.0010319403175452699
2024-12-05,0.03778511371988434,0.03888367393292032,-0.0010985602130359762
2024-12-06,0.03780940501767919,0.0388795210253124,-0.0010701160076332095
2024-12-09,0.03783068553831309,0.038505284044848744,-0.0006745985065356522
2024-12-10,0.03675495945941722,0.036796619363186095,-4.165990376887169e-05
2024-12-11,0.03622018753194765,0.036103238655162156,0.0001169488767854901
2024-12-12,0.036396707359789573,0.03616421173852573,0.00023249562126384515
2024-12-13,0.03622018753194764,0.035836676054341404,0.0003835114776062354
2024-12-16,0.034779733592548774,0.0345575237668502,0.000222209825698573
2024-12-17,0.03492689748645237,0.034905451659794806,2.1445826657563727e-05
2024-12-18,0.03519600808198682,0.03525704168135593,-6.10335993691119e-05
2024-12-19,0.03532814506983029,0.03517527832254324,0.00015286674728705318
2024-12-20,0.034965832048156946,0.03480200338049713,0.00016382866765981413
2024-12-23,0.034534662069876675,0.034735587343511454,-0.00020092527363477913
2024-12-24,0.03488029031358884,0.03480200338049713,7.828693309170492e-05
2024-12-25,0.03518284872803409,0.034835306733014354,0.0003475419950197331
2024-12-26,0.03514080484278138,0.034748850263459335,0.00039195457932204164
2024-12-27,0.03495803819303067,0.03453457502703729,0.0004234631659933846
2024-12-30,0.03516969921064433,0.03418433236548033,0.0009853668451639958
2024-12-31,0.03529369409946739,0.03440727366351607,0.0008864204359513225
2025-01-02,0.034220687762019045,0.03355414834178266,0.0006665394202363881
2025-01-03,0.03347088539802233,0.03309053316607581,0.000380352231946518
2025-01-06,0.03338775447346011,0.033084518345905665,0.00030323612755444457
2025-01-07,0.033819740945945934,0.03346777193711502,0.00035196900883091575
2025-01-08,0.033473266650540685,0.03317799447320452,0.0002952721773361658
2025-01-09,0.03318757396064046,0.032701127862019404,0.00048644609862105725
2025-01-10,0.033091871996061326,0.032619082021505375,0.00047278997455595106
2025-01-13,0.03322037958342158,0.03300053987489802,0.00021983970852356566
2025-01-14,0.03355443132506061,0.033205231721244184,0.00034919960381642884
2025-01-15,0.03344709149356649,0.032878337731213875,0.0005687537623526168
2025-01-16,0.03335698234952143,0.03268057773229195,0.0006764046172294813
2025-01-17,0.033338073835470834,0.032450432818684254,0.0008876410167865806
2025-01-20,0.03313381943943661,0.0317624077619754,0.0013714116774612081
2025-01-21,0.033129153361498374,0.031826276915544675,0.001302876445953699
2025-01-22,0.03282178137704917,0.03148767021537929,0.0013341111616698778
2025-01-23,0.03253355248513345,0.03159699291380957,0.0009365595713238806
2025-01-24,0.03243039950647917,0.03188202446663164,0.0005483750398475318
2025-01-27,0.031980712074497,0.031564116479667045,0.0004165955948299549
2025-02-05,0.03176694592127472,0.030904911737838527,0.0008620341834361944
2025-02-06,0.03130824035400585,0.031354776516795864,-4.653616279001738e-05
2025-02-07,0.03142114572191798,0.03148494683964712,-6.380111772914115e-05
2025-02-10,0.03105817123506501,0.03199691969411971,-0.0009387484590547002
2025-02-11,0.03076974926688901,0.03187085933811942,-0.0011011100712304128
2025-02-12,0.030761702258254323,0.032050445092445846,-0.0012887428341915239
2025-02-13,0.03168565129234291,0.032520006732177954,-0.0008343554398350453
2025-02-14,0.03184650304859888,0.03229210994056596,-0.00044560689196707776
2025-02-17,0.03196333125271738,0.032172245281484754,-0.00020891402876737492
2025-02-18,0.03225476355933364,0.03231504264181092,-6.027908247727837e-05
2025-02-19,0.032046058850292866,0.032540355355323146,-0.0004942965050302797
2025-02-20,0.03169845961328572,0.03294976062273715,-0.001251301009451429
2025-02-21,0.03178840862374163,0.03298259992389237,-0.0011941913001507348
2025-02-24,0.031980712074497,0.033403280910258765,-0.0014225688357617644
2025-02-25,0.03255381139140662,0.033715750241733816,-0.0011619388503271988
2025-02-26,0.032245921187033094,0.03329025654869685,-0.001044335361663755
2025-02-27,0.03238129635512731,0.03325072664961637,-0.0008694302944890556
2025-02-28,0.03258537544428283,0.0330664869979108,-0.0004811115536279692
2025-03-03,0.032245921187033094,0.032246342046239704,-4.2085920660961396e-07
2025-03-04,0.03195030802933586,0.032407100094364816,-0.0004567920650289589
2025-03-05,0.03211605706757678,0.03235237783149662,-0.00023632076391984225
2025-03-06,0.032562823450757825,0.032701127862019404,-0.00013830441126157916
2025-03-07,0.03271907065646731,0.03293485527549082,-0.00021578461902350965
2025-03-10,0.03268043592692921,0.03303947679796696,-0.0003590408710377538
2025-03-11,0.032849279902255106,0.03339715186788991,-0.0005478719656348066
2025-03-12,0.03295973632504377,0.03345546874000552,-0.0004957324149617442
2025-03-13,0.032874527392397976,0.0334278195922865,-0.0005532921998885262
2025-03-14,0.03296204540002801,0.03330548539432754,-0.0003434399942995256
2025-03-17,0.033094199622986556,0.03350473588219052,-0.00041053625920396686
2025-03-18,0.03285845631957538,0.033443174585209005,-0.0005847182656336242
2025-03-19,0.0323746119892658,0.03310859075579809,-0.0007339787665322922
2025-03-20,0.032113864994880885,0.0329915674605764,-0.0008777024656955179
2025-03-21,0.0322923978064516,0.03294976062273715,-0.0006573628162855477
2025-03-24,0.0322923978064516,0.03273053006293832,-0.00043813225648672155
2025-03-25,0.03214677753757856,0.03248518252364805,-0.00033840498606949043
2025-03-26,0.032056975951488716,0.0325054875756764,-0.0004485116241876863
2025-03-27,0.03176694592127472,0.03233513549120626,-0.0005681895699315362
2025-03-28,0.03136250073590187,0.0320222515270936,-0.0006597507911917308
2025-03-31,0.03122227934227748,0.03208717103217276,-0.0008648916898952828
2025-04-01,0.031246136558235993,0.03216371756140661,-0.0009175810031706172
2025-04-02,0.030922097548881918,0.0321779329408645,-0.0012558353919825786
2025-04-03,0.030240965296075215,0.031263221861903126,-0.0010222565658279115
2025-04-07,0.02982348999895811,0.03040415563016788,-0.0005806656312097695
2025-04-08,0.029962407181661165,0.03064990783531195,-0.0006875006536507834
2025-04-09,0.030300185986027302,0.030999655570126884,-0.0006994695840995824
2025-04-10,0.030369302107050015,0.030894420381906137,-0.000525118274856122
2025-04-11,0.03032747332838904,0.030960108467426434,-0.0006326351390373956
2025-04-14,0.030147009690363342,0.030831621526213264,-0.0006846118358499222
2025-04-15,0.029859266365201056,0.03051885943661972,-0.0006595930714186626
2025-04-16,0.029797101650965486,0.030516301061279238,-0.000719199410313752
2025-04-17,0.02946886879188757,0.030429570789935637,-0.0009607019980480656
2025-04-18,0.029727475024405436,0.028053026142371106,0.0016744488820343295
2025-04-21,0.029832814696195926,0.030855141156128158,-0.0010223264599322317
2025-04-22,0.029809513877636026,0.030745688797297298,-0.0009361749196612722
2025-04-23,0.029985947727844117,0.03094431786467188,-0.0009583701368277645
2025-04-24,0.030080480980453964,0.031169531240688417,-0.0010890502602344532
2025-04-25,0.03038864663835659,0.031028721050119334,-0.0006400744117627429
2025-04-28,0.030617804793025984,0.03120159041398817,-0.0005837856209621878
2025-04-29,0.03048087072835693,0.030952211152112916,-0.0004713404237559858
2025-04-30,0.030285759615933973,0.030683492528658127,-0.00039773291272415454
2025-05-06,0.030177202784249638,0.030270160931315484,-9.295814706584624e-05
2025-05-07,0.030044172869063232,0.030250037839454878,-0.00020586497039164556
2025-05-08,0.029985947727844117,0.030015580092348285,-2.963236450416809e-05
2025-05-09,0.029845256700031273,0.029877622731451083,-3.236603141981015e-05
2025-05-12,0.029732106674629954,0.029619931274206673,0.00011217540042328042
2025-05-13,0.029629009109822992,0.02957661320766981,5.239590215318224e-05
2025-05-14,0.029529670089235047,0.029376126158812133,0.00015354393042291484
2025-05-15,0.029503798908472472,0.02955740137707048,-5.3602468598007436e-05
2025-05-16,0.02938416640250474,0.029152635169376148,0.00023153123312859292
2025-05-19,0.029107774762050023,0.030464741942302913,-0.0013569671802528896
2025-05-20,0.028856883614093446,0.02882027989549521,3.660371859823611e-05
2025-05-21,0.028696326517293227,0.02718676028184683,0.0015095662354463954
2025-05-22,0.028739543876506016,0.02685314985347985,0.0018863940230261673
2025-05-23,0.0287901289424189,0.02344916491758241,0.005340964024836491
2025-05-26,0.02865610741916107,0.026416106816407416,0.002240000602753655
2025-05-27,0.02870495958784596,0.026449464497895363,0.0022554950899505988
2025-05-28,0.028742429662616722,0.02638125080069573,0.0023611788619209914
2025-05-29,0.02879881855324714,0.02642721669069934,0.002371601862547798
2025-05-30,0.028686261162499366,0.02645264581428914,0.002233615348210226
2025-06-03,0.02873521628369221,0.02647493647526182,0.002260279808430389
2025-06-04,0.02868913625757955,0.026468563882537,0.0022205723750425496
2025-06-05,0.028561749851327072,0.02642245417192286,0.002139295679404213
2025-06-06,0.028666151620850226,0.026401836410564216,0.00226431521028601
2025-06-09,0.028956133428759287,0.026411348300708532,0.002544785128050755
2025-06-10,0.028807513411160866,0.0263543795446375,0.0024531338665233667
2025-06-11,0.028784338781235853,0.02636859868113422,0.002415740100101635
2025-06-12,0.028694888177033726,0.026305519681837204,0.002389368495196522
2025-06-13,0.028493515529563997,0.02590427530035335,0.0025892402292106466
2025-06-16,0.028403041973605866,0.025707457311513728,0.002695584662092139
2025-06-17,0.028207120320260144,0.025209456361760658,0.0029976639584994857
2025-06-18,0.027712833479523663,0.0245153603054286,0.003197473174095064
2025-06-19,0.027698084765590974,0.0245180933444816,0.003179991421109373
2025-06-20,0.027493238919464046,0.02439300103149955,0.003100237887964496
2025-06-23,0.027313535974236636,0.02453997961392546,0.0027735563603111767
2025-06-24,0.027456319314181566,0.024740120062995665,0.002716199251185901
2025-06-25,0.02749984215678739,0.02482529600406366,0.0026745461527237294
2025-06-26,0.02765794067442871,0.02493648135381824,0.002721459320610471
2025-06-27,0.027817867542274045,0.025147481253215934,0.002670386289058111
2025-06-30,0.02781651591370681,0.02525287602480192,0.00256363988890489
2025-07-01,0.02803995268746632,0.025329950739994233,0.002710001947472087
2025-07-02,0.027607258235038814,0.024918116621346017,0.002689141613692797
2025-07-03,0.02764992581598647,0.024976128249389582,0.0026737975665968895
2025-07-04,0.02768067469393675,0.02496903920299727,0.0027116354909394805
2025-07-07,0.02776390465664403,0.025101557644238992,0.0026623470124050377
2025-07-08,0.028108789415230512,0.02546338975338659,0.002645399661843923
2025-07-09,0.02825445237488895,0.025742060900099485,0.002512391474789464
2025-07-10,0.028268403812956738,0.0258024634598463,0.0024659403531104365
2025-07-11,0.028363640211058257,0.025773736938942922,0.0025899032721153348
2025-07-14,0.02850912374981325,0.025794897642505272,0.0027142261073079786
2025-07-15,0.028128124306981764,0.025565509712292933,0.0025626145946888307
2025-07-16,0.028093616351948174,0.02556699573355033,0.0025266206183978436
2025-07-17,0.028135036073324154,0.02554769092176337,0.002587345151560786
2025-07-18,0.028359425076534397,0.02567594387951666,0.002683481197017737
2025-07-21,0.028489261707887528,0.025861629503762928,0.0026276322041246004
2025-07-22,0.028862703000756232,0.026156909764509986,0.0027057932362462463
2025-07-23,0.02903249221664384,0.0263370214118915,0.0026954708047523396
2025-07-24,0.029234117041311333,0.026406591499069456,0.0028275255422418773
2025-07-25,0.029352528405455283,0.02650045756115194,0.002852070844303344
2025-07-28,0.029220687730706404,0.026169359507377435,0.003051328223328969
2025-07-29,0.02935854943692307,0.026324411670357283,0.003034137766565786
2025-07-30,0.029253536740929988,0.026128941107282873,0.003124595633647115
2025-07-31,0.028452448388251075,0.02565198545518166,0.002800462933069417
2025-08-01,0.028325749048537918,0.025602712142025606,0.0027230369065123113
2025-08-04,0.02853327920753588,0.025884457988583527,0.002648821218952352
2025-08-05,0.02867189432663895,0.02583125408738548,0.0028406402392534696
2025-08-06,0.028585994608278816,0.025846432871077678,0.0027395617372011384
2025-08-07,0.028241907849637406,0.02579943660038711,0.0024424712492502956
2025-08-08,0.02831734253450066,0.02597004160122807,0.0023473009332725912
2025-08-11,0.02857315402375723,0.026146025952564936,0.0024271280711922923
2025-08-12,0.02867189432663895,0.026205218623771218,0.002466675702867731
2025-08-13,0.028868524735010833,0.026370179532374097,0.0024983452026367363
2025-08-14,0.029044275481710714,0.026487690870769597,0.0025565846109411178
2025-08-15,0.02930744926896692,0.026734005628152913,0.0025734436408140077
2025-08-18,0.029984377207353474,0.02767773688648376,0.002306640320869715
2025-08-19,0.030490611100340854,0.02830649299182701,0.002184118108513846
2025-08-20,0.03048411682747603,0.028326545247295203,0.0021575715801808275
2025-08-21,0.030454926801787418,0.028241065463884423,0.0022138613379029948
2025-08-22,0.030354809863202537,0.02826829014138817,0.002086519721814367
2025-08-25,0.03028415753385526,0.028100338248259114,0.0021838192855961475
2025-08-26,0.02979865261399125,0.027354141455223874,0.002444511158767374
2025-08-27,0.029820383061777263,0.027227149155060346,0.002593233906716917
2025-08-28,0.029899812713218774,0.027345638458190855,0.0025541742550279183
2025-08-29,0.029909185205579638,0.027620382706436415,0.002288802499143223
2025-09-01,0.029960839126020506,0.027791406747962336,0.0021694323780581705
2025-09-02,0.029867055197203667,0.027444599401010787,0.0024224557961928794
2025-09-03,0.02975219384783286,0.027485758582765727,0.002266435265067132
2025-09-04,0.02924158310450505,0.02690406719677044,0.002337515907734608
2025-09-05,0.029721301735022316,0.02729642513342434,0.0024248766015979757
2025-09-08,0.0299514342377315,0.027430907053320856,0.0025205271844106446
2025-09-09,0.0299514342377315,0.027328648313140722,0.002622785924590778
2025-09-10,0.030047326616280894,0.027410394129743873,0.0026369324865370206
2025-09-11,0.030162893257112744,0.027436040082335324,0.0027268531747774195
2025-09-12,0.029967112333542708,0.027400149168379736,0.002566963165162972
2025-09-15,0.029843700882030956,0.027453164061914857,0.0023905368201160987
2025-09-16,0.029907622715494717,0.02763426491172959,0.0022733578037651275
2025-09-17,0.029979666632802673,0.027688190519954668,0.002291476112848006
2025-09-18,0.02997338816858638,0.027582278459898406,0.0023911097086879753
2025-09-19,0.029902936224601717,0.027564993081406274,0.0023379431431954437
2025-09-22,0.03000323431790786,0.02762558689863082,0.0023776474192770403
2025-09-23,0.030340331444167676,0.027646423293526075,0.0026939081506416017
2025-09-24,0.03042417569325609,0.027717852076375317,0.0027063236168807722
2025-09-25,0.030523124014715283,0.027865352841305032,0.002657771173410251
2025-09-26,0.03057528914868617,0.027845947999493532,0.002729341149192637
2025-09-29,0.03068015616398713,0.027929049120579075,0.002751107043408054
2025-09-30,0.03066700846475251,0.027955675263760003,0.002711333200992507
2025-10-09,0.030739460589561847,0.028066270712098003,0.002673189877463844
2025-10-10,0.030678512085097254,0.028210274153412,0.002468237931685255
2025-10-13,0.030650589678766455,0.02825376378468653,0.0023968258940799264
2025-10-14,0.03066372330048205,0.028326545247295203,0.002337178053186846
2025-10-15,0.030893730182936695,0.028521242030864986,0.0023724881520717084
2025-10-16,0.031081584994842273,0.028621459825611654,0.0024601251692306196
2025-10-17,0.03140899292368464,0.028848599370367933,0.002560393553316706
2025-10-20,0.031915024753038236,0.029282643938486112,0.002632380814552124
2025-10-21,0.03204902390527906,0.029270951926532236,0.0027780719787468267
2025-10-22,0.03202930032561262,0.02905632148236226,0.002972978843250356
2025-10-23,0.032285794835325954,0.028859956341447404,0.0034258384938785497
2025-10-24,0.03197206042778956,0.028377715780645154,0.0035943446471444034
2025-10-27,0.03207775615061354,0.028462184198265815,0.0036155719523477264
2025-10-28,0.031585749739034476,0.027911326518180082,0.0036744232208543934
2025-10-29,0.03150058952459557,0.027695163996977704,0.0038054255276178672
2025-10-30,0.03141416341198419,0.027667291143540062,0.00374687226844413
2025-10-31,0.03154745765250454,0.027744076863882926,0.003803380788621611
2025-11-03,0.031669619628256894,0.027877715464570914,0.00379190416368598
2025-11-04,0.03185287453513603,0.028161508073500218,0.003691366461635811
2025-11-05,0.031890135584893044,0.028111113606442122,0.0037790219784509214
2025-11-06,0.03186705894906763,0.028138088190890476,0.003728970758177151
2025-11-07,0.0316871486146012,0.02792018500698235,0.0037669636076188527
2025-11-10,0.031331639339973724,0.027571904632357546,0.003759734707616178
2025-11-11,0.03107989761237784,0.02749950575804938,0.003580391854328461
2025-11-12,0.031230795593257317,0.02761691433414955,0.003613881259107766
2025-11-13,0.03118995990302369,0.02764642329352608,0.003543536609497612
2025-11-14,0.03106134849004394,0.027629057449748737,0.0034322910402952017
2025-11-17,0.031081584994842273,0.02766381098113207,0.003417774013710205
2025-11-18,0.031096779686040188,0.027782629775138953,0.0033141499109012353
2025-11-19,0.031242726152586765,0.02787241585450858,0.003370310298078185
2025-11-20,0.031386607128289466,0.027898934073322335,0.0034876730549671317
2025-11-21,0.03147634231471299,0.028264657152037007,0.0032116851626759826
2025-11-24,0.03166611615797333,0.028217513125481132,0.003448603032492198
2025-11-25,0.03161714883857071,0.028103929116350384,0.0035132197222203267
2025-11-26,0.03160318597957493,0.027842422749715146,0.003760763229859781
2025-11-27,0.03170469701611563,0.0277931628080374,0.003911534208078226
2025-11-28,0.03166786779621639,0.027717852076375317,0.00395001571984107
2025-12-01,0.03159329052546917,0.0278830170903328,0.0037102734351363714
2025-12-02,0.03188125600155927,0.028093159264226855,0.003788096737332415
2025-12-03,0.03178390595269819,0.02801264772640427,0.0037712582262939207
2025-12-04,0.03187415589443794,0.028143489321133783,0.003730666573304158
2025-12-05,0.031739852193823796,0.028204847361333756,0.00353500483249004
2025-12-08,0.03187529717608872,0.028344799239592725,0.0035304979364959924
2025-12-09,0.03198126702218604,0.028401536424097623,0.0035797305980884153
2025-12-10,0.031656943897918066,0.02803407231357552,0.0036228715843425463
2025-12-11,0.031665450399032645,0.028032285679688986,0.0036331647193436588
2025-12-12,0.031654817986703374,0.02799660076379606,0.0036582172229073125
2025-12-15,0.031933601696362036,0.02820665606002308,0.003726945636338956
2025-12-16,0.03264106927532926,0.02835941938104448,0.00428164989428478
2025-12-17,0.032830124671407265,0.02849906664506932,0.0043310580263379445
2025-12-18,0.0328678214502239,0.028656889347840244,0.004210932102383654
2025-12-19,0.03299473886346607,0.02879571814075286,0.004199020722713213
2025-12-22,0.03312647344173127,0.028776878940137383,0.00434959450159389
2025-12-23,0.03324381360083618,0.029123657193934973,0.0041201564069012105
2025-12-24,0.032335030444507196,0.028286469106109317,0.004048561338397878
2025-12-25,0.031886583158070615,0.028032285679688986,0.003854297478381629
2025-12-26,0.032007811361959064,0.0280358591752183,0.0039719521867407626
2025-12-29,0.032120951243898334,0.028342972781751394,0.00377797846214694
2025-12-30,0.03215884249073138,0.028326545247295203,0.003832297243436176
2025-12-31,0.03214800730121293,0.02835759103861775,0.0037904162625951796
2026-01-05,0.032027508476643346,0.02835393506091664,0.003673573415726706
2026-01-06,0.031907909598706936,0.028089571147582853,0.0038183384511240835
2026-01-07,0.03186883288911155,0.027962784144945955,0.0039060487441655925
2026-01-08,0.03200423267106439,0.027849474142079264,0.004154758528985128
2026-01-09,0.03215342398315079,0.028154297804518974,0.003999126178631816
2026-01-12,0.032113743984966615,0.028282831442901227,0.003830912542065388
2026-01-13,0.03211554549646583,0.028438261757289706,0.003677283739176123
2026-01-14,0.03211554549646583,0.028543451953277087,0.0035720935431887424
2026-01-15,0.03208135130400672,0.02859540986867767,0.0034859414353290465
2026-01-16,0.03197920422410903,0.02856013210830465,0.0034190721158043787
2026-01-19,0.03205081816257977,0.028643826165668136,0.0034069919969116347
2026-01-20,0.03177508542043625,0.028286469106109317,0.0034886163143269325
2026-01-21,0.031590978590663274,0.027984132497773248,0.003606846092890026
2026-01-22,0.03145731710643441,0.027881249657707906,0.0035760674487265026
2026-01-23,0.03127686374672202,0.02764468572685563,0.0036321780198663896
2026-01-26,0.03141416341198419,0.02786888390039916,0.003545279511585033
2026-01-27,0.031357381498603266,0.027927275847619042,0.003430105650984224
2026-01-28,0.031217171820709953,0.02787594870397363,0.003341223116736323
2026-01-29,0.031031043092850555,0.027644685726855626,0.0033863573659949284
2026-01-30,0.031174674037246778,0.027786139898926084,0.0033885341383206938
2026-02-02,0.03145904572040883,0.02803407231357552,0.003424973406833308
2026-02-03,0.03137284710762823,0.02796456193019263,0.003408285177435598
2026-02-04,0.031297382135359715,0.027856529107029755,0.0034408530283299606
2026-02-05,0.03144004140919325,0.027953898608198278,0.003486142800994973
2026-02-06,0.03155615224451548,0.028098543158298194,0.003457609086217287
2026-02-09,0.031620641481358736,0.02824650620344207,0.0033741352779166657
2026-02-10,0.03150058952459557,0.028261025096376246,0.003239564428219325
2026-02-11,0.031353946767073766,0.02810213356759519,0.0032518131994785753
2026-02-12,0.03141416341198419,0.028085983947385217,0.0033281794645989744
2026-02-13,0.03132306801006729,0.0279503459744551,0.0033727220356121884
2026-02-24,0.03150405646158925,0.0281218972316348,0.003382159229954447
2026-02-25,0.03156485163036885,0.02815970516005121,0.0034051464703176437
2026-02-26,0.03176979545061043,0.028299208299556063,0.003470587151054364
2026-02-27,0.032027508476643346,0.028660623874372834,0.003366884602270512
2026-03-02,0.0321823438090955,0.02905824103851489,0.00312410277058061
2026-03-03,0.032066975523441434,0.028977837446472088,0.0030891380769693458
2026-03-04,0.032007811361959064,0.028886490746699935,0.0031213206152591287
2026-03-05,0.0321353754712321,0.028977837446472095,0.003157538024760008
2026-03-06,0.03241008344769021,0.029148747157057647,0.0032613362906325633
2026-03-09,0.0325408806923208,0.02943155534292405,0.0031093253493967507
2026-03-10,0.03228215371715348,0.029270951926532236,0.003011201790621247
2026-03-11,0.032437628988611245,0.02915840865760689,0.0032792203310043552
2026-03-12,0.03260017732589259,0.02930019948041566,0.0032999778454769306
2026-03-13,0.03266528095515234,0.029382404448897788,0.0032828765062545492
2026-03-16,0.0329624432300783,0.029705854973998778,0.00325658825607952
2026-03-17,0.03297763329608294,0.02952638750083909,0.003451245795243852
2026-03-18,0.03272129138203017,0.029154543288924233,0.0035667480931059377
2026-03-19,0.03266528095515234,0.028930189068666134,0.0037350918864862033
2026-03-20,0.03263176664500683,0.028924481791280324,0.003707284853726508
2026-03-23,0.032837657107949975,0.029319730342620972,0.0035179267653290026
2026-03-24,0.0328000294499828,0.02920875188259512,0.0035912775673876823
2026-03-25,0.032879147370778766,0.029294345294705287,0.003584802076073479
2026-03-26,0.03281695121926052,0.029382404448897788,0.0034345467703627355
2026-03-27,0.03282447761137549,0.029325594679645302,0.003498882931730188
2026-03-30,0.032886702321920945,0.029216512427764855,0.0036701898941560902
2026-03-31,0.03311880793821589,0.02925926924765515,0.0038595386905607362
2026-04-01,0.03312647344173127,0.029329505541108216,0.003796967900623057
2026-04-02,0.033161012165199254,0.029423680152518557,0.0037373320126806962
2026-04-03,0.0328565033298898,0.0292806946212222,0.0035758087086675966
2026-04-07,0.03278500252090252,0.02920487315583294,0.0035801293650695835
2026-04-08,0.03257791578102771,0.029014155316622686,0.0035637604644050205
2026-04-09,0.03276061310557939,0.0291893685446944,0.0035712445608849924
2026-04-10,0.03281507016049524,0.02926510942115768,0.0035499607393375578
2026-04-13,0.032854617734289805,0.02940794240823694,0.003446675326052865
2026-04-14,0.032375259515919234,0.028987385962831153,0.003387873553088082
2026-04-15,0.03228215371715348,0.028869427316881066,0.0034127264002724172
2026-04-16,0.03185110237120284,0.02874678743872949,0.003104314932473349
2026-04-17,0.03177508542043625,0.02874678743872949,0.0030282979817067603
2026-04-20,0.03182808217156835,0.028707387717008218,0.003120694454560133
2026-04-21,0.03198099067202949,0.028835360862724525,0.003145629809304964
2026-04-22,0.03186705894906763,0.028569407287607165,0.0032976516614604615
2026-04-23,0.03206877179139592,0.028778761750850555,0.0032900100405453617
2026-04-24,0.03230583567631623,0.028825075825696312,0.003480759850619918
2026-04-27,0.03290182264482758,0.02922816098079606,0.003673661664031519
2026-04-28,0.03293778919624877,0.02924565123670212,0.0036921379595466486
2026-04-29,0.0331034875690991,0.02952774814354566,0.003575739425553441
2026-04-30,0.03329214433705512,0.029717223267801206,0.003574921069253917
2026-05-06,0.03351236398876075,0.029906683062789652,0.0036056809259710984
2026-05-07,0.03347513238334697,0.0298754069057495,0.00359972547759747
2026-05-08,0.03315525071060403,0.029628223624625635,0.0035270270859783966
2026-05-11,0.033226448869413804,0.029586849684056178,0.0036395991853576254
2026-05-12,0.03318792545043477,0.02967560056375181,0.003512324886682964
2026-05-13,0.03352806524275256,0.02989578169086954,0.0036322835518830185
2026-05-14,0.033823213637008145,0.029948251435874478,0.003874962201133668
2026-05-15,0.033979802589031334,0.029897539439087482,0.004082263149943852
2026-05-18,0.03379526056788665,0.030006570840660433,0.0037886897272262146
2026-05-19,0.03291317201448775,0.029606832650946137,0.003306339363541612
2026-05-20,0.032954853443472244,0.029666597674500007,0.003288255768972237
2026-05-21,0.0330728893136915,0.02965448702310554,0.003418402290585959
2026-05-22,0.03309965969125809,0.029559674858159326,0.003539984833098763
2026-05-25,0.03330376463176264,0.02969605047946085,0.0036077141523017907
2026-05-26,0.033606792722042846,0.029721739404743812,0.0038850533172990337
2026-05-27,0.033937501572114524,0.02977604030941478,0.004161461262699746
2026-05-28,0.03432204520503596,0.02995424962475995,0.004367795580276012
2026-05-29,0.03405053910783322,0.0298733007543268,0.004177238353506418
2026-06-01,0.03357131965167418,0.029682529582282617,0.003888790069391565
2026-06-02,0.03364036396873897,0.02977917910820117,0.003861184860537801
2026-06-03,0.03367202176332195,0.029672483560716573,0.003999538202605377
2026-06-04,0.033600875338654766,0.029606487888350644,0.003994387450304122
2026-06-05,0.033463392215337846,0.02944806173295652,0.004015330482381327
2026-06-08,0.033443843557658594,0.029593048407146598,0.003850795150511996
2026-06-09,0.03364827283531209,0.029692582408586077,0.0039556904267260135
2026-06-10,0.03401816590528254,0.029839292466492966,0.004178873438789574
2026-06-11,0.03416637109214609,0.03000727913583306,0.004159091956313029
2026-06-12,0.034022209188803706,0.029964134234128057,0.004058074954675649
2026-06-15,0.03410327717996067,0.029980740930852318,0.004122536249108355
2026-06-16,0.034119537160736624,0.03011426012578765,0.004005277034948972
2026-06-17,0.034074859473840834,0.03007543151401161,0.003999427959829223
2026-06-18,0.03462511878674246,0.030389619711222404,0.004235499075520056
2026-06-22,0.03526932688639723,0.030960627787384308,0.004308699099012922
2026-06-23,0.035315015361174505,0.03092485256826613,0.004390162792908374
2026-06-24,0.03546597162805104,0.03110646300727962,0.004359508620771422
2026-06-25,0.03463559283804222,0.03074460686481976,0.003890985973222457
2026-06-26,0.034711193477232755,0.03083745820274597,0.0038737352744867837
2026-06-29,0.03394152570225884,0.030458062340820602,0.0034834633614382396
2026-06-30,0.03343798341335202,0.03006227391278643,0.0033757095005655866
2026-07-01,0.03356541475257973,0.03004309157607411,0.00352232317650562
2026-07-02,0.03395964610392691,0.030123893720453546,0.0038357523834733655
2026-07-03,0.03349667743373705,0.03003741262109541,0.003459264812641638
2026-07-06,0.03338338760394191,0.029992058154815267,0.003391329449126644
2026-07-07,0.033561479307069986,0.03020441401230754,0.0033570652947624464
2026-07-08,0.03383120872355513,0.03048179779283059,0.0033494109307245362
2026-07-09,0.033670041405634295,0.030465361618836492,0.0032046797867978025
2026-07-10,0.033545746749091755,0.030387077254691048,0.0031586694944007072
2026-07-13,0.03384120789856357,0.030450401862364657,0.0033908060361989116
2026-07-14,0.033691838160310725,0.030349353664621475,0.00334248449568925
2026-07-15,0.03386523005146406,0.03040851985863104,0.0034567101928330186
2026-07-16,0.03374545912290008,0.030326547394348553,0.003418911728551525
2026-07-17,0.03387124091941781,0.030563143168485834,0.0033080977509319758
2026-07-20,0.034101245771979975,0.030671911426779094,0.003429334345200881
2026-07-21,0.034046489088313994,0.03077624018181378,0.003270248906500215
2026-07-22,0.03422969889506726,0.030953466123278827,0.0032762327717884322
2026-07-23,0.034330277885584064,0.03089779374506301,0.0034324841405210527
2026-07-24,0.0343983484960644,0.030829231889171818,0.003569116606892582
2026-07-27,0.03440868578074287,0.030841198887648896,0.003567486893093972
2026-07-28,0.034248128381191664,0.03076022931341116,0.0034878990677805026
2026-07-29,0.03410327717996067,0.030647509660193587,0.0034557675197670855
2026-07-30,0.033897312689916505,0.03039943031589267,0.0034978823740238335
2026-07-31,0.03349863744997073,0.0301335334806931,0.0033651039692776316
2026-08-03,0.03370175510802378,0.030166784374888764,0.003534970733135013
2026-08-04,0.033985854201246654,0.030378000524523566,0.0036078536767230884
2026-08-05,0.0340525644789436,0.030448578506844223,0.003603985972099377
2026-08-06,0.03408297398464011,0.03054184890445186,0.0035411250801882475
2026-08-07,0.033817219801524,0.030487280459260142,0.00332993934226386
2026-08-10,0.033817219801524,0.030481432351848067,0.003335787449675935
