date,yield_10y,yield_30y
2022-08-01,2.7292,3.2246
2022-08-02,2.7314,3.2273
2022-08-03,2.7218,3.2197
2022-08-04,2.7192,3.2191
2022-08-05,2.7339,3.2319
2022-08-08,2.7409,3.2416
2022-08-09,2.74,3.244
2022-08-10,2.7366,3.242
2022-08-11,2.7317,3.2403
2022-08-12,2.7347,3.2422
2022-08-15,2.6582,3.1883
2022-08-16,2.6346,3.1759
2022-08-17,2.6124,3.1709
2022-08-18,2.58,3.1378
2022-08-19,2.5875,3.1141
2022-08-22,2.5925,3.0985
2022-08-23,2.6075,3.1105
2022-08-24,2.61,3.1129
2022-08-25,2.639,3.1426
2022-08-26,2.643,3.1439
2022-08-29,2.6225,3.1235
2022-08-30,2.613,3.1162
2022-08-31,2.6225,3.1162
2022-09-01,2.6125,3.1032
2022-09-02,2.6226,3.1008
2022-09-05,2.618,3.09
2022-09-06,2.614,3.0846
2022-09-07,2.6215,3.0887
2022-09-08,2.6256,3.0901
2022-09-09,2.635,3.0982
2022-09-13,2.6427,3.1011
2022-09-14,2.6625,3.1089
2022-09-15,2.6625,3.106
2022-09-16,2.673,3.1059
2022-09-19,2.675,3.1039
2022-09-20,2.664,3.101
2022-09-21,2.6451,3.089
2022-09-22,2.6501,3.0913
2022-09-23,2.6802,3.1008
2022-09-26,2.7154,3.1274
2022-09-27,2.7051,3.1202
2022-09-28,2.7401,3.1448
2022-09-29,2.7501,3.1445
2022-09-30,2.7601,3.179
2022-10-08,2.7626,3.1851
2022-10-09,2.7452,3.164
2022-10-10,2.7402,3.1637
2022-10-11,2.7426,3.1632
2022-10-12,2.7352,3.1607
2022-10-13,2.7252,3.1533
2022-10-14,2.6977,3.1289
2022-10-17,2.7002,3.129
2022-10-18,2.7002,3.1314
2022-10-19,2.7052,3.1343
2022-10-20,2.7175,3.1471
2022-10-21,2.7278,3.1555
2022-10-24,2.7153,3.1416
2022-10-25,2.7278,3.1486
2022-10-26,2.7025,3.1394
2022-10-27,2.6953,3.1142
2022-10-28,2.6653,3.0776
2022-10-31,2.6433,3.0653
2022-11-01,2.6629,3.0753
2022-11-02,2.6854,3.0853
2022-11-03,2.6776,3.0854
2022-11-04,2.7023,3.1029
2022-11-07,2.7003,3.1045
2022-11-08,2.6853,3.1006
2022-11-09,2.6953,3.1105
2022-11-10,2.7028,3.1166
2022-11-11,2.7354,3.1357
2022-11-14,2.8354,3.2207
2022-11-15,2.8155,3.2158
2022-11-16,2.8329,3.2309
2022-11-17,2.8026,3.2109
2022-11-18,2.825,3.2209
2022-11-21,2.818,3.2086
2022-11-22,2.8276,3.2161
2022-11-23,2.7975,3.1912
2022-11-24,2.795,3.1813
2022-11-25,2.83,3.2162
2022-11-28,2.86,3.2337
2022-11-29,2.88,3.2663
2022-11-30,2.885,3.2763
2022-12-01,2.86,3.2615
2022-12-02,2.8676,3.263
2022-12-05,2.8902,3.2716
2022-12-06,2.9152,3.2865
2022-12-07,2.8702,3.2719
2022-12-08,2.8853,3.2755
2022-12-09,2.8903,3.2843
2022-12-12,2.8902,3.2844
2022-12-13,2.8952,3.2896
2022-12-14,2.8655,3.2621
2022-12-15,2.8829,3.277
2022-12-16,2.8856,3.2697
2022-12-19,2.8632,3.2525
2022-12-20,2.8732,3.2474
2022-12-21,2.8606,3.2375
2022-12-22,2.8503,3.23
2022-12-23,2.8251,3.2152
2022-12-26,2.8378,3.2202
2022-12-27,2.8657,3.2175
2022-12-28,2.8503,3.2127
2022-12-29,2.8376,3.1926
2022-12-30,2.8353,3.1952
2022-12-31,2.8353,3.1952
2023-01-03,2.8228,3.193
2023-01-04,2.8103,3.1931
2023-01-05,2.8304,3.2056
2023-01-06,2.8328,3.2106
2023-01-09,2.8428,3.2156
2023-01-10,2.8602,3.2331
2023-01-11,2.8603,3.2331
2023-01-12,2.8778,3.2378
2023-01-13,2.901,3.2476
2023-01-16,2.9167,3.2677
2023-01-17,2.9017,3.2531
2023-01-18,2.9222,3.2754
2023-01-19,2.9145,3.273
2023-01-20,2.9331,3.2779
2023-01-28,2.9341,3.283
2023-01-29,2.9219,3.2805
2023-01-30,2.9133,3.2782
2023-01-31,2.8977,3.2793
2023-02-01,2.9101,3.2889
2023-02-02,2.897,3.2853
2023-02-03,2.8943,3.283
2023-02-06,2.9017,3.2879
2023-02-07,2.8964,3.2827
2023-02-08,2.8973,3.2808
2023-02-09,2.8912,3.2784
2023-02-10,2.9003,3.2857
2023-02-13,2.8943,3.2829
2023-02-14,2.8914,3.281
2023-02-15,2.8918,3.2816
2023-02-16,2.8907,3.283
2023-02-17,2.892,3.283
2023-02-20,2.917,3.2977
2023-02-21,2.919,3.3025
2023-02-22,2.9175,3.3025
2023-02-23,2.922,3.3053
2023-02-24,2.9126,3.3016
2023-02-27,2.9117,3.3051
2023-02-28,2.9017,3.3029
2023-03-01,2.8977,3.3049
2023-03-02,2.9111,3.31
2023-03-03,2.9026,3.3079
2023-03-06,2.8826,3.2897
2023-03-07,2.8726,3.286
2023-03-08,2.8828,3.2907
2023-03-09,2.8752,3.2854
2023-03-10,2.8627,3.2735
2023-03-13,2.8703,3.2764
2023-03-14,2.8652,3.271
2023-03-15,2.8652,3.2724
2023-03-16,2.8552,3.2517
2023-03-17,2.8602,3.2381
2023-03-20,2.8504,3.2237
2023-03-21,2.8604,3.227
2023-03-22,2.8577,3.2276
2023-03-23,2.8652,3.2366
2023-03-24,2.8676,3.2419
2023-03-27,2.8551,3.2319
2023-03-28,2.8556,3.2319
2023-03-29,2.8532,3.2286
2023-03-30,2.8603,3.2295
2023-03-31,2.8528,3.2332
2023-04-03,2.8604,3.2407
2023-04-04,2.8584,3.2421
2023-04-06,2.8605,3.2463
2023-04-07,2.8464,3.236
2023-04-10,2.8455,3.2347
2023-04-11,2.8203,3.2173
2023-04-12,2.8158,3.1977
2023-04-13,2.8277,3.2031
2023-04-14,2.8281,3.2032
2023-04-17,2.8432,3.2136
2023-04-18,2.8319,3.2056
2023-04-19,2.8333,3.1875
2023-04-20,2.8332,3.1775
2023-04-21,2.8258,3.1726
2023-04-23,2.822,3.1715
2023-04-24,2.8176,3.1608
2023-04-25,2.8157,3.1584
2023-04-26,2.8058,3.1574
2023-04-27,2.7852,3.1379
2023-04-28,2.7788,3.1355
2023-05-04,2.7613,3.1182
2023-05-05,2.7338,3.0831
2023-05-06,2.7311,3.0882
2023-05-08,2.7484,3.1058
2023-05-09,2.7383,3.0998
2023-05-10,2.721,3.0849
2023-05-11,2.701,3.0672
2023-05-12,2.7058,3.0608
2023-05-15,2.719,3.0649
2023-05-16,2.7129,3.066
2023-05-17,2.721,3.081
2023-05-18,2.7184,3.081
2023-05-19,2.7151,3.0773
2023-05-22,2.7132,3.0762
2023-05-23,2.6962,3.0687
2023-05-24,2.7037,3.0723
2023-05-25,2.7065,3.0773
2023-05-26,2.7205,3.0913
2023-05-29,2.695,3.0839
2023-05-30,2.7,3.0839
2023-05-31,2.685,3.0733
2023-06-01,2.6825,3.0694
2023-06-02,2.6951,3.0784
2023-06-05,2.6926,3.079
2023-06-06,2.6826,3.0716
2023-06-07,2.6827,3.0645
2023-06-08,2.6822,3.0651
2023-06-09,2.6703,3.044
2023-06-12,2.6704,3.0391
2023-06-13,2.6227,3.0064
2023-06-14,2.6178,2.9963
2023-06-15,2.6482,3.0267
2023-06-16,2.6626,3.0419
2023-06-19,2.6876,3.0619
2023-06-20,2.6751,3.0444
2023-06-21,2.6701,3.042
2023-06-25,2.6576,3.028
2023-06-26,2.6677,3.0346
2023-06-27,2.6676,3.0295
2023-06-28,2.6651,3.0271
2023-06-29,2.6526,3.0171
2023-06-30,2.6351,3.0072
2023-07-03,2.6402,3.0133
2023-07-04,2.6477,3.0225
2023-07-05,2.6402,3.0176
2023-07-06,2.6392,3.018
2023-07-07,2.6403,3.013
2023-07-10,2.6403,3.0091
2023-07-11,2.6353,3.0011
2023-07-12,2.6378,3.0011
2023-07-13,2.6413,3.0084
2023-07-14,2.6444,3.0144
2023-07-17,2.6364,3.0085
2023-07-18,2.6234,2.9965
2023-07-19,2.6233,2.9987
2023-07-20,2.6214,2.9967
2023-07-21,2.6079,2.9828
2023-07-24,2.5934,2.9588
2023-07-25,2.663,3.0156
2023-07-26,2.643,3.0003
2023-07-27,2.6395,2.9948
2023-07-28,2.6533,3.0061
2023-07-31,2.6597,3.0103
2023-08-01,2.6607,3.0119
2023-08-02,2.6525,2.9989
2023-08-03,2.6435,2.9927
2023-08-04,2.6469,2.9927
2023-08-07,2.6462,2.9904
2023-08-08,2.6454,2.9879
2023-08-09,2.6461,2.9896
2023-08-10,2.6475,2.992
2023-08-11,2.6381,2.985
2023-08-14,2.6212,2.971
2023-08-15,2.5759,2.9342
2023-08-16,2.5649,2.9259
2023-08-17,2.5678,2.9285
2023-08-18,2.5639,2.9225
2023-08-21,2.5403,2.8894
2023-08-22,2.5564,2.8938
2023-08-23,2.5535,2.8834
2023-08-24,2.5543,2.8812
2023-08-25,2.5702,2.8877
2023-08-28,2.5837,2.8955
2023-08-29,2.57,2.9006
2023-08-30,2.56,2.9026
2023-08-31,2.5575,2.9027
2023-09-01,2.585,2.928
2023-09-04,2.6124,2.9611
2023-09-05,2.615,2.9666
2023-09-06,2.6375,2.9869
2023-09-07,2.635,2.9834
2023-09-08,2.6375,2.9849
2023-09-11,2.63,2.983
2023-09-12,2.623,2.9824
2023-09-13,2.615,2.9732
2023-09-14,2.6075,2.9545
2023-09-15,2.64,2.984
2023-09-18,2.65,2.9841
2023-09-19,2.6625,2.9895
2023-09-20,2.665,2.9919
2023-09-21,2.6576,2.984
2023-09-22,2.6776,2.9971
2023-09-25,2.6976,3.0119
2023-09-26,2.6951,3.0068
2023-09-27,2.6877,3.007
2023-09-28,2.6751,3.0022
2023-10-07,2.6651,2.9926
2023-10-08,2.6626,2.9948
2023-10-09,2.6702,2.999
2023-10-10,2.6811,3.0019
2023-10-11,2.6976,3.0153
2023-10-12,2.6911,3.0139
2023-10-13,2.6702,2.9952
2023-10-16,2.6777,2.9997
2023-10-17,2.6882,3.0021
2023-10-18,2.7052,3.0021
2023-10-19,2.7177,3.0077
2023-10-20,2.7052,2.9962
2023-10-23,2.7047,2.9903
2023-10-24,2.7177,2.9978
2023-10-25,2.7052,3.0004
2023-10-26,2.7152,3.0054
2023-10-27,2.7133,3.0104
2023-10-30,2.7141,3.0106
2023-10-31,2.6938,2.9956
2023-11-01,2.6853,2.9911
2023-11-02,2.6553,2.9666
2023-11-03,2.6613,2.9727
2023-11-06,2.6554,2.9683
2023-11-07,2.6632,2.9718
2023-11-08,2.6464,2.9583
2023-11-09,2.6494,2.9584
2023-11-10,2.6444,2.9459
2023-11-13,2.6454,2.9385
2023-11-14,2.6573,2.9439
2023-11-15,2.6633,2.9485
2023-11-16,2.6558,2.944
2023-11-17,2.6524,2.9336
2023-11-20,2.6584,2.9321
2023-11-21,2.6684,2.9388
2023-11-22,2.6823,2.9538
2023-11-23,2.7023,2.9704
2023-11-24,2.7053,2.9684
2023-11-27,2.7108,2.9745
2023-11-28,2.6898,2.954
2023-11-29,2.6826,2.9525
2023-11-30,2.668,2.9405
2023-12-01,2.6625,2.9445
2023-12-04,2.6725,2.9537
2023-12-05,2.665,2.9487
2023-12-06,2.6725,2.9517
2023-12-07,2.664,2.9457
2023-12-08,2.6636,2.9428
2023-12-11,2.644,2.9288
2023-12-12,2.6375,2.9293
2023-12-13,2.6226,2.9148
2023-12-14,2.6376,2.9219
2023-12-15,2.6227,2.9039
2023-12-18,2.6126,2.8869
2023-12-19,2.6191,2.892
2023-12-20,2.6222,2.8849
2023-12-21,2.5901,2.8492
2023-12-22,2.5877,2.8341
2023-12-25,2.5678,2.8077
2023-12-26,2.5804,2.8267
2023-12-27,2.5577,2.8167
2023-12-28,2.5694,2.8288
2023-12-29,2.5553,2.8269
2023-12-31,2.5553,2.8269
2024-01-02,2.5601,2.8422
2024-01-03,2.5531,2.8402
2024-01-04,2.5368,2.817
2024-01-05,2.5175,2.8043
2024-01-08,2.5136,2.802
2024-01-09,2.4862,2.7693
2024-01-10,2.4982,2.7758
2024-01-11,2.4992,2.7769
2024-01-12,2.5172,2.793
2024-01-15,2.5212,2.7856
2024-01-16,2.5252,2.7897
2024-01-17,2.5077,2.7747
2024-01-18,2.5092,2.7732
2024-01-19,2.5027,2.7583
2024-01-22,2.4922,2.7224
2024-01-23,2.5042,2.7327
2024-01-24,2.5042,2.738
2024-01-25,2.4984,2.7321
2024-01-26,2.4994,2.7331
2024-01-29,2.494,2.7272
2024-01-30,2.4557,2.6831
2024-01-31,2.433,2.6482
2024-02-01,2.4354,2.6472
2024-02-02,2.4244,2.6353
2024-02-04,2.4053,2.6076
2024-02-05,2.4002,2.5974
2024-02-06,2.4525,2.6579
2024-02-07,2.4153,2.6214
2024-02-08,2.4379,2.6505
2024-02-09,2.4302,2.6505
2024-02-18,2.4393,2.643
2024-02-19,2.4344,2.627
2024-02-20,2.4134,2.6004
2024-02-21,2.4119,2.601
2024-02-22,2.4033,2.591
2024-02-23,2.4009,2.5809
2024-02-26,2.3789,2.54
2024-02-27,2.3809,2.5224
2024-02-28,2.3376,2.4868
2024-02-29,2.3375,2.4616
2024-03-01,2.3675,2.4915
2024-03-04,2.3475,2.4738
2024-03-05,2.3169,2.4794
2024-03-06,2.265,2.4274
2024-03-07,2.2776,2.431
2024-03-08,2.2825,2.4335
2024-03-11,2.305,2.4766
2024-03-12,2.3476,2.5415
2024-03-13,2.3326,2.5313
2024-03-14,2.3425,2.5343
2024-03-15,2.32,2.5094
2024-03-18,2.2926,2.4857
2024-03-19,2.2801,2.4485
2024-03-20,2.2951,2.466
2024-03-21,2.2851,2.4615
2024-03-22,2.3051,2.4832
2024-03-25,2.3151,2.4962
2024-03-26,2.3175,2.4982
2024-03-27,2.2876,2.4636
2024-03-28,2.3026,2.4664
2024-03-29,2.2901,2.4594
2024-04-01,2.3082,2.4848
2024-04-02,2.2927,2.475
2024-04-03,2.2837,2.4635
2024-04-07,2.2937,2.4776
2024-04-08,2.2822,2.4656
2024-04-09,2.2802,2.4637
2024-04-10,2.2972,2.4891
2024-04-11,2.2928,2.4928
2024-04-12,2.2837,2.487
2024-04-15,2.2798,2.4863
2024-04-16,2.2723,2.4717
2024-04-17,2.2608,2.4556
2024-04-18,2.2537,2.4466
2024-04-19,2.254,2.4411
2024-04-22,2.2435,2.4341
2024-04-23,2.226,2.4211
2024-04-24,2.2727,2.4791
2024-04-25,2.2612,2.4841
2024-04-26,2.3084,2.5257
2024-04-28,2.3244,2.5493
2024-04-29,2.353,2.5833
2024-04-30,2.3028,2.5382
2024-05-06,2.3081,2.5587
2024-05-07,2.2896,2.5413
2024-05-08,2.2955,2.55
2024-05-09,2.3186,2.5726
2024-05-10,2.3122,2.5826
2024-05-11,2.3361,2.6126
2024-05-13,2.29,2.5661
2024-05-14,2.2938,2.5631
2024-05-15,2.302,2.5681
2024-05-16,2.3147,2.5811
2024-05-17,2.3077,2.5867
2024-05-20,2.3105,2.5917
2024-05-21,2.3141,2.5927
2024-05-22,2.3123,2.57
2024-05-23,2.3063,2.5451
2024-05-24,2.3134,2.5515
2024-05-27,2.3084,2.5452
2024-05-28,2.2994,2.5302
2024-05-29,2.2776,2.5242
2024-05-30,2.2826,2.5327
2024-05-31,2.2926,2.5552
2024-06-03,2.2853,2.5473
2024-06-04,2.2854,2.5453
2024-06-05,2.2808,2.5378
2024-06-06,2.2828,2.5378
2024-06-07,2.2833,2.5303
2024-06-11,2.2791,2.5195
2024-06-12,2.276,2.5235
2024-06-13,2.2678,2.5175
2024-06-14,2.2558,2.499
2024-06-17,2.2609,2.5057
2024-06-18,2.2537,2.4887
2024-06-19,2.2429,2.4797
2024-06-20,2.2445,2.4708
2024-06-21,2.2571,2.4797
2024-06-24,2.2451,2.4607
2024-06-25,2.235,2.4477
2024-06-26,2.2225,2.4442
2024-06-27,2.2081,2.4282
2024-06-28,2.2058,2.4282
2024-07-01,2.2486,2.4782
2024-07-02,2.2369,2.4692
2024-07-03,2.2426,2.4738
2024-07-04,2.2502,2.4798
2024-07-05,2.2754,2.513
2024-07-08,2.2904,2.5205
2024-07-09,2.2698,2.5017
2024-07-10,2.2707,2.5068
2024-07-11,2.2648,2.5025
2024-07-12,2.2604,2.4921
2024-07-15,2.2541,2.4772
2024-07-16,2.2613,2.4801
2024-07-17,2.2598,2.4812
2024-07-18,2.2673,2.4901
2024-07-19,2.2614,2.4842
2024-07-22,2.2461,2.4712
2024-07-23,2.2322,2.4691
2024-07-24,2.2381,2.4676
2024-07-25,2.2168,2.4357
2024-07-26,2.1944,2.4226
2024-07-29,2.1574,2.39
2024-07-30,2.148,2.3765
2024-07-31,2.1494,2.3825
2024-08-01,2.1297,2.3651
2024-08-02,2.1277,2.3465
2024-08-05,2.1376,2.3375
2024-08-06,2.1491,2.355
2024-08-07,2.1414,2.335
2024-08-08,2.181,2.37
2024-08-09,2.1986,2.38
2024-08-12,2.2508,2.435
2024-08-13,2.2255,2.4075
2024-08-14,2.1966,2.3751
2024-08-15,2.205,2.39
2024-08-16,2.1978,2.39
2024-08-19,2.1816,2.3675
2024-08-20,2.171,2.36
2024-08-21,2.167,2.3551
2024-08-22,2.1582,2.3476
2024-08-23,2.1547,2.3401
2024-08-26,2.1628,2.3475
2024-08-27,2.1903,2.3825
2024-08-28,2.1673,2.355
2024-08-29,2.1703,2.365
2024-08-30,2.1704,2.3651
2024-09-02,2.1457,2.3425
2024-09-03,2.1432,2.339
2024-09-04,2.1336,2.3225
2024-09-05,2.1338,2.3125
2024-09-06,2.1388,2.309
2024-09-09,2.1267,2.29
2024-09-10,2.1143,2.267
2024-09-11,2.1044,2.263
2024-09-12,2.0998,2.2471
2024-09-13,2.0724,2.2176
2024-09-14,2.0425,2.183
2024-09-18,2.0403,2.165
2024-09-19,2.045,2.17
2024-09-20,2.0431,2.15
2024-09-23,2.0381,2.14
2024-09-24,2.0728,2.19
2024-09-25,2.0437,2.155
2024-09-26,2.0787,2.22
2024-09-27,2.1714,2.3475
2024-09-29,2.2534,2.435
2024-09-30,2.1518,2.355
2024-10-08,2.1928,2.38
2024-10-09,2.176,2.3576
2024-10-10,2.1441,2.29
2024-10-11,2.1392,2.3
2024-10-12,2.1441,2.3
2024-10-14,2.1368,2.3126
2024-10-15,2.1254,2.3125
2024-10-16,2.1331,2.328
2024-10-17,2.1084,2.295
2024-10-18,2.1209,2.305
2024-10-21,2.1211,2.3075
2024-10-22,2.1458,2.34
2024-10-23,2.1559,2.355
2024-10-24,2.1661,2.355
2024-10-25,2.1539,2.36
2024-10-28,2.1617,2.38
2024-10-29,2.1598,2.366
2024-10-30,2.1597,2.36
2024-10-31,2.1476,2.335
2024-11-01,2.1406,2.3175
2024-11-04,2.1275,2.305
2024-11-05,2.1106,2.2825
2024-11-06,2.1234,2.29
2024-11-07,2.1115,2.28
2024-11-08,2.1067,2.2775
2024-11-11,2.092,2.2575
2024-11-12,2.0729,2.236
2024-11-13,2.0876,2.26
2024-11-14,2.0808,2.261
2024-11-15,2.0948,2.2825
2024-11-18,2.1117,2.3175
2024-11-19,2.0947,2.286
2024-11-20,2.1025,2.305
2024-11-21,2.0843,2.2751
2024-11-22,2.0832,2.265
2024-11-25,2.0682,2.241
2024-11-26,2.0657,2.245
2024-11-27,2.0553,2.25
2024-11-28,2.0304,2.218
2024-11-29,2.0206,2.2025
2024-12-02,1.981,2.17
2024-12-03,1.9886,2.1675
2024-12-04,1.9612,2.1375
2024-12-05,1.9462,2.1425
2024-12-06,1.9539,2.1585
2024-12-09,1.9168,2.1151
2024-12-10,1.8468,2.0551
2024-12-11,1.8218,2.0401
2024-12-12,1.8172,2.043
2024-12-13,1.7771,2.005
2024-12-16,1.7215,1.9526
2024-12-17,1.7237,1.9591
2024-12-18,1.7564,1.9961
2024-12-19,1.7417,1.9926
2024-12-20,1.7018,1.9526
2024-12-23,1.7019,1.9526
2024-12-24,1.7166,1.9926
2024-12-25,1.7365,2.007
2024-12-26,1.7122,1.9701
2024-12-27,1.6929,1.9476
2024-12-30,1.7128,1.9476
2024-12-31,1.6752,1.9121
2025-01-02,1.6077,1.8397
2025-01-03,1.6041,1.8501
2025-01-06,1.5966,1.8327
2025-01-07,1.6093,1.8602
2025-01-08,1.6069,1.8702
2025-01-09,1.6368,1.8932
2025-01-10,1.6338,1.8752
2025-01-13,1.6592,1.9051
2025-01-14,1.6446,1.8652
2025-01-15,1.633,1.8602
2025-01-16,1.6394,1.8677
2025-01-17,1.6593,1.915
2025-01-20,1.6747,1.9225
2025-01-21,1.6496,1.89
2025-01-22,1.6602,1.9
2025-01-23,1.6645,1.9
2025-01-24,1.6565,1.89
2025-01-26,1.6537,1.891
2025-01-27,1.6299,1.8675
2025-02-05,1.6207,1.8375
2025-02-06,1.5958,1.805
2025-02-07,1.6032,1.8025
2025-02-08,1.6057,1.805
2025-02-10,1.6342,1.825
2025-02-11,1.6274,1.8075
2025-02-12,1.6336,1.809
2025-02-13,1.6346,1.799
2025-02-14,1.6546,1.82
2025-02-17,1.6934,1.86
2025-02-18,1.7006,1.86
2025-02-19,1.6626,1.84
2025-02-20,1.685,1.87
2025-02-21,1.72,1.905
2025-02-24,1.7625,1.945
2025-02-25,1.7275,1.915
2025-02-26,1.7251,1.91
2025-02-27,1.7576,1.935
2025-02-28,1.7152,1.905
2025-03-03,1.6955,1.89
2025-03-04,1.7079,1.9
2025-03-05,1.7083,1.8925
2025-03-06,1.7455,1.9325
2025-03-07,1.8002,1.975
2025-03-10,1.8128,1.985
2025-03-11,1.8853,2.035
2025-03-12,1.8334,2.0125
2025-03-13,1.8565,2.04
2025-03-14,1.8317,2.04
2025-03-17,1.8957,2.115
2025-03-18,1.8885,2.1151
2025-03-19,1.8708,2.1051
2025-03-20,1.8309,2.0526
2025-03-21,1.8458,2.0676
2025-03-24,1.8413,2.0501
2025-03-25,1.8183,2.0276
2025-03-26,1.7943,2.0001
2025-03-27,1.8062,2.0101
2025-03-28,1.8126,2.0251
2025-03-31,1.8129,2.0226
2025-04-01,1.8104,2.0201
2025-04-02,1.7887,1.9801
2025-04-03,1.718,1.9052
2025-04-07,1.6318,1.8252
2025-04-08,1.6633,1.8551
2025-04-09,1.6508,1.8552
2025-04-10,1.6444,1.8602
2025-04-11,1.6568,1.8627
2025-04-14,1.6584,1.8602
2025-04-15,1.6583,1.8602
2025-04-16,1.643,1.8652
2025-04-17,1.6522,1.8982
2025-04-18,1.6493,1.9042
2025-04-21,1.6664,1.9227
2025-04-22,1.6509,1.9052
2025-04-23,1.6611,1.9279
2025-04-24,1.664,1.9327
2025-04-25,1.6606,1.9276
2025-04-27,1.6607,1.9252
2025-04-28,1.6483,1.9005
2025-04-29,1.6241,1.8225
2025-04-30,1.6243,1.824
2025-05-06,1.6298,1.827
2025-05-07,1.6418,1.8475
2025-05-08,1.6331,1.8375
2025-05-09,1.6351,1.8425
2025-05-12,1.688,1.905
2025-05-13,1.6704,1.879
2025-05-14,1.6736,1.8775
2025-05-15,1.6798,1.8825
2025-05-16,1.6793,1.878
2025-05-19,1.6893,1.861
2025-05-20,1.7004,1.872
2025-05-21,1.71,1.885
2025-05-22,1.7186,1.887
2025-05-23,1.7208,1.889
2025-05-26,1.7201,1.8875
2025-05-27,1.7261,1.901
2025-05-28,1.6832,1.906
2025-05-29,1.6877,1.916
2025-05-30,1.6712,1.896
2025-06-03,1.6764,1.895
2025-06-04,1.6704,1.891
2025-06-05,1.6741,1.896
2025-06-06,1.6547,1.876
2025-06-09,1.6559,1.87
2025-06-10,1.6569,1.8695
2025-06-11,1.642,1.849
2025-06-12,1.6475,1.8485
2025-06-13,1.644,1.8495
2025-06-16,1.6432,1.851
2025-06-17,1.6364,1.8425
2025-06-18,1.6384,1.8455
2025-06-19,1.6425,1.8431
2025-06-20,1.6396,1.8376
2025-06-23,1.6418,1.8381
2025-06-24,1.648,1.8506
2025-06-25,1.6544,1.8621
2025-06-26,1.6462,1.8491
2025-06-27,1.6462,1.8496
2025-06-30,1.6469,1.8611
2025-07-01,1.6433,1.8516
2025-07-02,1.6396,1.8451
2025-07-03,1.6407,1.8486
2025-07-04,1.6433,1.8516
2025-07-07,1.6406,1.8536
2025-07-08,1.6444,1.8596
2025-07-09,1.6446,1.8566
2025-07-10,1.6616,1.8746
2025-07-11,1.6653,1.8741
2025-07-14,1.6726,1.8821
2025-07-15,1.6557,1.8601
2025-07-16,1.6617,1.8661
2025-07-17,1.663,1.883
2025-07-18,1.6652,1.8885
2025-07-21,1.6774,1.9115
2025-07-22,1.6907,1.9335
2025-07-23,1.7041,1.938
2025-07-24,1.7376,1.979
2025-07-25,1.7324,1.9725
2025-07-28,1.7146,1.9525
2025-07-29,1.7466,1.998
2025-07-30,1.718,1.96
2025-07-31,1.7044,1.945
2025-08-01,1.7059,1.949
2025-08-04,1.7083,1.95
2025-08-05,1.7061,1.9585
2025-08-06,1.6999,1.958
2025-08-07,1.6894,1.951
2025-08-08,1.6891,1.96
2025-08-11,1.7203,1.995
2025-08-12,1.7271,2.017
2025-08-13,1.7262,2.02
2025-08-14,1.7341,2.0275
2025-08-15,1.7465,2.0475
2025-08-18,1.7872,2.1145
2025-08-19,1.7725,2.0975
2025-08-20,1.782,2.105
2025-08-21,1.7667,2.075
2025-08-22,1.7818,2.0775
2025-08-25,1.7643,2.05
2025-08-26,1.7598,2.035
2025-08-27,1.7988,2.07
2025-08-28,1.8478,2.1108
2025-08-29,1.8379,2.1375
2025-09-01,1.8257,2.1165
2025-09-02,1.8167,2.1
2025-09-03,1.7984,2.075
2025-09-04,1.806,2.085
2025-09-05,1.826,2.1125
2025-09-08,1.8514,2.1475
2025-09-09,1.8641,2.171
2025-09-10,1.8992,2.204
2025-09-11,1.8743,2.208
2025-09-12,1.867,2.184
2025-09-15,1.8724,2.1875
2025-09-16,1.8527,2.1675
2025-09-17,1.8349,2.15
2025-09-18,1.8546,2.1701
2025-09-19,1.8789,2.1996
2025-09-22,1.8647,2.189
2025-09-23,1.877,2.215
2025-09-24,1.9022,2.2501
2025-09-25,1.884,2.23
2025-09-26,1.8768,2.217
2025-09-28,1.8781,2.218
2025-09-29,1.887,2.242
2025-09-30,1.8605,2.2461
2025-10-09,1.8466,2.2629
2025-10-10,1.846,2.2829
2025-10-11,1.8206,2.2328
2025-10-13,1.8383,2.2729
2025-10-14,1.8368,2.2678
2025-10-15,1.8449,2.2603
2025-10-16,1.8407,2.2414
2025-10-17,1.8246,2.2002
2025-10-20,1.8498,2.2162
2025-10-21,1.8357,2.1871
2025-10-22,1.8293,2.1821
2025-10-23,1.8391,2.1946
2025-10-24,1.8486,2.2126
2025-10-27,1.8423,2.2031
2025-10-28,1.8179,2.17
2025-10-29,1.8208,2.177
2025-10-30,1.8098,2.1625
2025-10-31,1.7954,2.1431
2025-11-03,1.7944,2.1376
2025-11-04,1.7984,2.1421
2025-11-05,1.7964,2.1391
2025-11-06,1.81,2.1596
2025-11-07,1.8142,2.1581
2025-11-10,1.8139,2.1476
2025-11-11,1.8119,2.1537
2025-11-12,1.8071,2.1431
2025-11-13,1.8126,2.1491
2025-11-14,1.814,2.1481
2025-11-17,1.8109,2.1391
2025-11-18,1.8121,2.1381
2025-11-19,1.8179,2.1506
2025-11-20,1.8135,2.1531
2025-11-21,1.8166,2.1576
2025-11-24,1.821,2.1586
2025-11-25,1.8301,2.1751
2025-11-26,1.8462,2.1926
2025-11-27,1.8537,2.2001
2025-11-28,1.8412,2.1851
2025-12-01,1.8366,2.1901
2025-12-02,1.8442,2.2051
2025-12-03,1.8519,2.2351
2025-12-04,1.8718,2.2761
2025-12-05,1.848,2.2571
2025-12-08,1.8499,2.2577
2025-12-09,1.8425,2.2527
2025-12-10,1.8447,2.2412
2025-12-11,1.8404,2.2252
2025-12-12,1.8396,2.2487
2025-12-15,1.8488,2.2792
2025-12-16,1.8458,2.2802
2025-12-17,1.834,2.2422
2025-12-18,1.8356,2.2512
2025-12-19,1.8308,2.2252
2025-12-22,1.8415,2.2412
2025-12-23,1.8352,2.2232
2025-12-24,1.8356,2.2202
2025-12-25,1.8386,2.2252
2025-12-26,1.8376,2.2233
2025-12-29,1.8584,2.2583
2025-12-30,1.8582,2.2628
2025-12-31,1.8473,2.2674
2026-01-04,1.8427,2.2529
2026-01-05,1.8584,2.2822
2026-01-06,1.8829,2.3104
2026-01-07,1.9019,2.3345
2026-01-08,1.8905,2.319
2026-01-09,1.8782,2.3024
2026-01-12,1.8585,2.292
2026-01-13,1.8519,2.2926
2026-01-14,1.8494,2.3028
2026-01-15,1.8544,2.3058
2026-01-16,1.8424,2.3036
2026-01-19,1.8393,2.3417
2026-01-20,1.8326,2.3351
2026-01-21,1.8312,2.3026
2026-01-22,1.8425,2.3101
2026-01-23,1.8298,2.2871
2026-01-26,1.8242,2.27
2026-01-27,1.8311,2.285
2026-01-28,1.8164,2.277
2026-01-29,1.8174,2.28
2026-01-30,1.8112,2.289
2026-02-02,1.82,2.281
2026-02-03,1.8172,2.28
2026-02-04,1.8193,2.283
2026-02-05,1.8169,2.271
2026-02-06,1.8102,2.251
2026-02-09,1.8114,2.248
2026-02-10,1.8094,2.247
2026-02-11,1.7994,2.2455
2026-02-12,1.7893,2.246
2026-02-13,1.7928,2.244
2026-02-14,1.7899,2.246
2026-02-24,1.8023,2.2426
2026-02-25,1.8158,2.255
2026-02-26,1.8288,2.2951
2026-02-27,1.7877,2.2896
2026-02-28,1.7753,2.2726
2026-03-02,1.7761,2.2696
2026-03-03,1.7807,2.2827
2026-03-04,1.7768,2.2752
2026-03-05,1.7779,2.2717
2026-03-06,1.781,2.2812
2026-03-09,1.8054,2.3292
2026-03-10,1.8055,2.3328
2026-03-11,1.8075,2.3503
2026-03-12,1.8052,2.3404
2026-03-13,1.8143,2.3665
2026-03-16,1.8312,2.3917
2026-03-17,1.8314,2.3806
2026-03-18,1.8175,2.3607
2026-03-19,1.8252,2.391
2026-03-20,1.8299,2.3881
2026-03-23,1.8316,2.373
2026-03-24,1.8272,2.3457
2026-03-25,1.8233,2.3457
2026-03-26,1.8194,2.3498
2026-03-27,1.8172,2.3497
2026-03-30,1.8063,2.3286
2026-03-31,1.8171,2.3521
2026-04-01,1.8244,2.3667
2026-04-02,1.8209,2.3733
2026-04-03,1.8199,2.3725
2026-04-07,1.8171,2.3597
2026-04-08,1.8136,2.3377
2026-04-09,1.8192,2.3393
2026-04-10,1.8128,2.3055
2026-04-13,1.7933,2.2816
2026-04-14,1.7829,2.2805
2026-04-15,1.7809,2.2784
2026-04-16,1.7812,2.281
2026-04-17,1.7623,2.25
2026-04-20,1.7627,2.2556
2026-04-21,1.751,2.2375
2026-04-22,1.7389,2.2137
2026-04-23,1.7548,2.2353
2026-04-24,1.7601,2.2472
2026-04-27,1.7697,2.2557
2026-04-28,1.7654,2.242
2026-04-29,1.7444,2.219
2026-04-30,1.7473,2.218
2026-05-06,1.7654,2.239
2026-05-07,1.7631,2.238
2026-05-08,1.7648,2.2455
2026-05-09,1.767,2.248
2026-05-11,1.7622,2.2361
2026-05-12,1.7592,2.232
2026-05-13,1.7514,2.234
2026-05-14,1.7588,2.241
2026-05-15,1.7658,2.253
2026-05-18,1.7585,2.244
2026-05-19,1.7345,2.221
2026-05-20,1.7382,2.2311
2026-05-21,1.7448,2.231
2026-05-22,1.7519,2.2345
2026-05-25,1.7484,2.226
2026-05-26,1.7405,2.2205
2026-05-27,1.7216,2.208
2026-05-28,1.7193,2.2095
2026-05-29,1.709,2.205
2026-06-01,1.7009,2.191
2026-06-02,1.7036,2.191
2026-06-03,1.7128,2.205
2026-06-04,1.7081,2.191
2026-06-05,1.7207,2.204
2026-06-08,1.7275,2.213
2026-06-09,1.7376,2.22
2026-06-10,1.7476,2.235
2026-06-11,1.7475,2.238
2026-06-12,1.7427,2.2215
2026-06-15,1.7446,2.2215
2026-06-16,1.7324,2.2175
2026-06-17,1.727,2.2181
2026-06-18,1.7299,2.2201
2026-06-22,1.7375,2.2216
2026-06-23,1.7437,2.2291
2026-06-24,1.7454,2.2311
2026-06-25,1.7351,2.2201
2026-06-26,1.7314,2.2176
2026-06-29,1.717,2.209
2026-06-30,1.733,2.236
2026-07-01,1.7448,2.2525
2026-07-02,1.741,2.258
2026-07-03,1.7463,2.2685
2026-07-06,1.7379,2.255
2026-07-07,1.7406,2.2605
2026-07-08,1.7385,2.2545
2026-07-09,1.7376,2.2515
2026-07-10,1.7398,2.253
2026-07-13,1.7442,2.263
2026-07-14,1.7402,2.2555
2026-07-15,1.7406,2.247
2026-07-16,1.7437,2.2515
2026-07-17,1.7404,2.2425
2026-07-20,1.7453,2.2495
2026-07-21,1.745,2.2475
2026-07-22,1.7297,2.212
2026-07-23,1.7325,2.2045
2026-07-24,1.7282,2.187
2026-07-27,1.7337,2.193
2026-07-28,1.7351,2.194
2026-07-29,1.7329,2.206
2026-07-30,1.7196,2.1851
2026-07-31,1.7141,2.1876
2026-08-03,1.7169,2.1891
2026-08-04,1.7126,2.1841
2026-08-05,1.7137,2.1871
2026-08-06,1.7143,2.1886
2026-08-07,1.7114,2.1781
2026-08-10,1.7074,2.1581
2026-08-11,1.7161,2.1691
2026-08-12,1.7141,2.1731
2026-08-13,1.7032,2.1598
2026-08-14,1.6964,2.1644
2026-08-17,1.6924,2.1624
2026-08-18,1.6864,2.1509
2026-08-19,1.6831,2.1355
